DATE,Q/A (mm),PPT (mm)
1/1/10,3.471486616,22.47
1/2/10,3.405363062,6.29
1/3/10,3.460466024,0.01
1/4/10,3.471486616,0
1/5/10,3.537610171,4.03
1/6/10,3.680877872,17.3
1/7/10,3.658836688,4.82
1/8/10,3.71393965,0.04
1/9/10,3.758022019,3.65
1/10/10,3.835166166,0.06
1/11/10,3.747001427,1.35
1/12/10,3.680877872,0
1/13/10,3.636795503,5.42
1/14/10,3.592713133,0.48
1/15/10,3.548630763,0.59
1/16/10,3.62577491,0.86
1/17/10,3.636795503,3.2
1/18/10,3.658836688,4.24
1/19/10,3.647816095,0
1/20/10,3.636795503,0
1/21/10,3.614754318,2.4
1/22/10,3.614754318,0
1/23/10,3.548630763,6.68
1/24/10,3.537610171,0.68
1/25/10,3.548630763,14.37
1/26/10,3.515568986,6.74
1/27/10,3.460466024,3.43
1/28/10,3.427404246,0
1/29/10,3.438424839,0.8
1/30/10,3.438424839,5.3
1/31/10,3.405363062,0.01
2/1/10,3.383321877,0.05
2/2/10,3.361280692,5.96
2/3/10,3.30617773,0.06
2/4/10,3.339239507,1.48
2/5/10,3.383321877,7.47
2/6/10,3.350260099,0.01
2/7/10,3.339239507,2.79
2/8/10,3.30617773,0.29
2/9/10,3.295157137,0
2/10/10,3.295157137,0.04
2/11/10,3.295157137,0.15
2/12/10,3.328218915,3.58
2/13/10,3.295157137,1.3
2/14/10,3.295157137,0.01
2/15/10,3.284136545,1.55
2/16/10,3.284136545,0.02
2/17/10,3.273115952,0.02
2/18/10,3.273115952,0
2/19/10,3.273115952,0
2/20/10,3.26209536,0
2/21/10,3.26209536,0
2/22/10,3.240054175,0
2/23/10,3.240054175,0
2/24/10,3.30617773,8.29
2/25/10,3.273115952,1.9
2/26/10,3.284136545,1.21
2/27/10,3.251074768,3.06
2/28/10,3.229033583,0
3/1/10,3.206992398,1.74
3/2/10,3.21801299,0
3/3/10,3.21801299,2.7
3/4/10,3.21801299,0.93
3/5/10,3.195971805,0.12
3/6/10,3.184951213,0
3/7/10,3.184951213,0
3/8/10,3.162910028,0
3/9/10,3.151889436,0
3/10/10,3.151889436,0
3/11/10,3.162910028,3.87
3/12/10,3.184951213,7.86
3/13/10,3.173930621,1.85
3/14/10,3.140868843,0
3/15/10,3.140868843,0
3/16/10,3.140868843,0
3/17/10,3.140868843,0
3/18/10,3.107807066,0
3/19/10,3.118827658,0
3/20/10,3.107807066,0
3/21/10,3.118827658,1.34
3/22/10,3.140868843,1.25
3/23/10,3.107807066,0.1
3/24/10,3.118827658,1.84
3/25/10,3.140868843,5.68
3/26/10,3.229033583,3.65
3/27/10,3.184951213,4.72
3/28/10,3.184951213,6.35
3/29/10,3.471486616,12.38
3/30/10,3.537610171,26.78
3/31/10,3.548630763,2.18
4/1/10,3.570671948,1.85
4/2/10,3.658836688,4.03
4/3/10,3.66985728,10.47
4/4/10,3.570671948,3.78
4/5/10,3.559651356,5.5
4/6/10,3.559651356,2.38
4/7/10,3.493527801,1.44
4/8/10,3.493527801,1.13
4/9/10,3.438424839,2.57
4/10/10,3.427404246,0.86
4/11/10,3.427404246,1.08
4/12/10,3.504548394,9.1
4/13/10,3.438424839,5.58
4/14/10,3.416383654,0.77
4/15/10,3.471486616,6.19
4/16/10,3.482507209,0
4/17/10,3.493527801,0.02
4/18/10,3.493527801,0
4/19/10,3.515568986,0
4/20/10,3.537610171,0
4/21/10,3.548630763,9.3
4/22/10,3.526589578,0.04
4/23/10,3.515568986,0.02
4/24/10,3.515568986,0.01
4/25/10,3.504548394,0.02
4/26/10,3.515568986,1.46
4/27/10,3.548630763,5.68
4/28/10,3.559651356,3.7
4/29/10,3.559651356,0.11
4/30/10,3.548630763,0.01
5/1/10,3.526589578,1.29
5/2/10,3.515568986,0.02
5/3/10,3.548630763,0
5/4/10,3.559651356,3.91
5/5/10,3.559651356,0.52
5/6/10,3.548630763,0.05
5/7/10,3.515568986,0.45
5/8/10,3.482507209,0
5/9/10,3.438424839,0
5/10/10,3.427404246,2.64
5/11/10,3.427404246,3.79
5/12/10,3.482507209,0
5/13/10,3.427404246,0
5/14/10,3.339239507,0
5/15/10,3.229033583,0
5/16/10,3.328218915,0
5/17/10,3.394342469,4.45
5/18/10,3.438424839,2.41
5/19/10,3.427404246,0.09
5/20/10,3.471486616,4.15
5/21/10,3.438424839,2.27
5/22/10,3.427404246,0.03
5/23/10,3.394342469,0.01
5/24/10,3.372301284,0.67
5/25/10,3.328218915,0
5/26/10,3.328218915,3.67
5/27/10,3.284136545,3.23
5/28/10,3.251074768,2.66
5/29/10,3.229033583,0.01
5/30/10,3.229033583,0
5/31/10,3.229033583,0.32
6/1/10,3.206992398,2.59
6/2/10,3.339239507,2.14
6/3/10,3.394342469,26.03
6/4/10,3.658836688,28.27
6/5/10,3.769042612,5.97
6/6/10,3.945372091,0.58
6/7/10,3.945372091,2.21
6/8/10,3.879248536,0.03
6/9/10,3.835166166,2.44
6/10/10,3.735980835,5.95
6/11/10,3.603733725,0.04
6/12/10,3.581692541,0
6/13/10,3.526589578,0
6/14/10,3.416383654,0
6/15/10,3.383321877,0
6/16/10,3.361280692,0.19
6/17/10,3.339239507,0.23
6/18/10,3.30617773,0
6/19/10,3.26209536,1.36
6/20/10,3.240054175,0
6/21/10,3.21801299,0
6/22/10,3.184951213,0
6/23/10,3.21801299,0
6/24/10,3.195971805,0
6/25/10,3.173930621,0
6/26/10,3.151889436,0
6/27/10,3.129848251,0
6/28/10,3.129848251,0
6/29/10,3.107807066,0
6/30/10,3.085765881,0
7/1/10,3.096786474,0
7/2/10,3.096786474,0
7/3/10,3.085765881,2.68
7/4/10,3.074745289,0
7/5/10,3.063724696,0
7/6/10,3.041683511,0
7/7/10,3.041683511,0
7/8/10,3.041683511,0
7/9/10,3.041683511,0
7/10/10,3.052704104,0
7/11/10,3.041683511,0
7/12/10,3.019642326,0
7/13/10,3.008621734,0
7/14/10,3.008621734,0
7/15/10,3.030662919,0
7/16/10,3.019642326,0
7/17/10,3.008621734,0
7/18/10,3.008621734,0
7/19/10,3.008621734,0
7/20/10,3.019642326,0
7/21/10,3.019642326,0
7/22/10,3.019642326,0
7/23/10,2.986580549,0
7/24/10,3.008621734,0
7/25/10,3.041683511,0
7/26/10,3.041683511,0
7/27/10,3.030662919,0
7/28/10,3.019642326,0
7/29/10,3.030662919,0
7/30/10,2.997601142,1.62
7/31/10,2.975559957,0
8/1/10,2.931477587,0
8/2/10,2.920456995,0
8/3/10,2.920456995,0
8/4/10,2.931477587,0
8/5/10,2.920456995,0
8/6/10,2.920456995,0
8/7/10,2.920456995,0
8/8/10,2.909436402,0
8/9/10,2.920456995,0
8/10/10,2.920456995,0
8/11/10,2.909436402,0
8/12/10,2.920456995,0
8/13/10,2.920456995,0
8/14/10,2.909436402,0
8/15/10,2.887395217,0
8/16/10,2.887395217,0
8/17/10,2.909436402,0
8/18/10,2.920456995,3.86
8/19/10,2.920456995,0
8/20/10,2.909436402,0
8/21/10,2.89841581,0
8/22/10,2.865354032,0.01
8/23/10,2.865354032,0
8/24/10,2.865354032,0
8/25/10,2.865354032,0
8/26/10,2.85433344,0
8/27/10,2.832292255,0
8/28/10,2.85433344,0
8/29/10,2.865354032,0.01
8/30/10,2.865354032,0.5
8/31/10,2.85433344,7.33
9/1/10,2.85433344,1.47
9/2/10,2.843312848,0.28
9/3/10,2.843312848,0
9/4/10,2.843312848,0
9/5/10,2.821271663,0
9/6/10,2.821271663,0
9/7/10,2.843312848,0.25
9/8/10,2.865354032,3.87
9/9/10,2.843312848,1.03
9/10/10,2.843312848,0.06
9/11/10,2.832292255,0
9/12/10,2.832292255,0
9/13/10,2.843312848,0
9/14/10,2.85433344,0.33
9/15/10,2.832292255,0
9/16/10,2.843312848,0
9/17/10,2.865354032,0.62
9/18/10,2.909436402,13.11
9/19/10,2.964539364,12.83
9/20/10,2.964539364,11.15
9/21/10,2.909436402,0.58
9/22/10,2.876374625,0.09
9/23/10,2.85433344,0
9/24/10,2.843312848,0
9/25/10,2.832292255,0
9/26/10,2.832292255,0
9/27/10,2.832292255,0
9/28/10,2.832292255,0
9/29/10,2.832292255,0
9/30/10,2.832292255,0
10/1/10,2.832292255,0
10/2/10,2.832292255,0
10/3/10,2.832292255,0
10/4/10,2.81025107,0
10/5/10,2.788209885,0
10/6/10,2.81025107,0
10/7/10,2.821271663,0.35
10/8/10,2.821271663,0
10/9/10,2.85433344,2.15
10/10/10,2.865354032,2.74
10/11/10,2.832292255,0.19
10/12/10,2.832292255,0
10/13/10,2.832292255,0
10/14/10,2.832292255,0
10/15/10,2.832292255,0
10/16/10,2.832292255,0
10/17/10,2.832292255,0
10/18/10,2.821271663,0
10/19/10,2.832292255,0
10/20/10,2.832292255,0
10/21/10,2.887395217,1.04
10/22/10,3.118827658,0.13
10/23/10,2.986580549,1.41
10/24/10,3.21801299,16.36
10/25/10,3.295157137,26.62
10/26/10,3.195971805,20.4
10/27/10,3.052704104,0.85
10/28/10,2.997601142,3.63
10/29/10,2.964539364,3.01
10/30/10,2.942498179,1.85
10/31/10,2.953518772,3.41
11/1/10,2.931477587,3.03
11/2/10,2.931477587,0.85
11/3/10,2.931477587,0
11/4/10,2.931477587,0
11/5/10,2.931477587,0.99
11/6/10,2.942498179,1.74
11/7/10,2.997601142,1.39
11/8/10,2.975559957,0.18
11/9/10,2.975559957,0.32
11/10/10,2.997601142,9.75
11/11/10,2.975559957,2.29
11/12/10,2.953518772,1.55
11/13/10,2.942498179,0.06
11/14/10,2.953518772,1.68
11/15/10,2.964539364,0.08
11/16/10,2.953518772,0.04
11/17/10,2.89841581,0.73
11/18/10,3.140868843,3.19
11/19/10,3.107807066,7.31
11/20/10,3.074745289,0
11/21/10,3.074745289,3.52
11/22/10,3.129848251,3.02
11/23/10,3.162910028,6
11/24/10,3.107807066,0.01
11/25/10,3.085765881,0
11/26/10,3.052704104,11.16
11/27/10,3.063724696,3.53
11/28/10,3.030662919,0.06
11/29/10,2.997601142,0.07
11/30/10,3.063724696,2.99
12/1/10,3.118827658,10.59
12/2/10,3.085765881,0.74
12/3/10,3.074745289,0.31
12/4/10,3.074745289,1.54
12/5/10,3.074745289,0.67
12/6/10,3.074745289,3.93
12/7/10,3.052704104,1.49
12/8/10,3.085765881,1.77
12/9/10,3.096786474,5.85
12/10/10,3.195971805,9.44
12/11/10,3.317198322,2.95
12/12/10,3.449445431,15.74
12/13/10,3.592713133,2.99
12/14/10,4.331092826,7.78
12/15/10,5.058451926,11.15
12/16/10,4.705792969,0
12/17/10,4.364154603,0.13
12/18/10,4.253948679,7.15
12/19/10,4.0776192,12.95
12/20/10,3.934351498,1.21
12/21/10,3.758022019,0.21
12/22/10,3.647816095,1.12
12/23/10,3.537610171,4.56
12/24/10,3.460466024,1.73
12/25/10,3.405363062,0.14
12/26/10,3.394342469,1.94
12/27/10,3.372301284,5.66
12/28/10,3.548630763,5.91
12/29/10,3.592713133,10.07
12/30/10,3.537610171,0.9
12/31/10,3.460466024,2.85
1/1/11,3.405363062,0.23
1/2/11,3.361280692,0
1/3/11,3.317198322,0
1/4/11,3.273115952,0
1/5/11,3.129848251,0.06
1/6/11,3.151889436,0.94
1/7/11,3.184951213,0.92
1/8/11,3.173930621,0
1/9/11,3.162910028,0.08
1/10/11,3.162910028,0
1/11/11,3.140868843,1.34
1/12/11,3.21801299,3.08
1/13/11,3.350260099,2.34
1/14/11,3.394342469,14.37
1/15/11,3.614754318,6.49
1/16/11,4.187825124,7.62
1/17/11,5.080493111,31.01
1/18/11,5.741728657,2.08
1/19/11,5.940099321,4.28
1/20/11,5.521316809,1.41
1/21/11,4.948246002,3.46
1/22/11,4.606607637,0.01
1/23/11,4.430278158,0
1/24/11,4.287010456,0.45
1/25/11,4.132722162,0
1/26/11,3.978433868,0
1/27/11,3.868227944,0
1/28/11,3.758022019,0
1/29/11,3.614754318,0
1/30/11,3.636795503,0
1/31/11,3.592713133,0
2/1/11,3.548630763,0
2/2/11,3.504548394,0.07
2/3/11,3.471486616,0
2/4/11,3.438424839,0.07
2/5/11,3.471486616,0.01
2/6/11,3.449445431,0.11
2/7/11,3.460466024,0.01
2/8/11,3.460466024,0.07
2/9/11,3.449445431,0
2/10/11,3.427404246,0
2/11/11,3.416383654,0.82
2/12/11,3.405363062,0.43
2/13/11,3.394342469,0.62
2/14/11,3.405363062,2.73
2/15/11,3.647816095,11.04
2/16/11,3.570671948,24.96
2/17/11,3.493527801,1.64
2/18/11,3.449445431,3.76
2/19/11,3.460466024,0.01
2/20/11,3.438424839,8.02
2/21/11,3.394342469,0
2/22/11,3.394342469,1.57
2/23/11,3.416383654,3.41
2/24/11,3.427404246,10.21
2/25/11,3.361280692,2.28
2/26/11,3.317198322,0.03
2/27/11,3.339239507,1.65
2/28/11,3.394342469,1.54
3/1/11,3.460466024,5.68
3/2/11,3.416383654,7.74
3/3/11,3.405363062,0.01
3/4/11,3.361280692,2.81
3/5/11,3.427404246,3.61
3/6/11,3.383321877,5.83
3/7/11,3.383321877,1.11
3/8/11,3.427404246,1.4
3/9/11,3.427404246,4.68
3/10/11,3.526589578,3.9
3/11/11,3.537610171,9.52
3/12/11,3.515568986,1.54
3/13/11,3.548630763,3.32
3/14/11,3.570671948,4.7
3/15/11,3.636795503,6.81
3/16/11,3.724960242,11.79
3/17/11,3.66985728,3.95
3/18/11,3.658836688,3.31
3/19/11,3.636795503,3.73
3/20/11,3.691898465,3.28
3/21/11,3.71393965,14.11
3/22/11,3.636795503,1.09
3/23/11,3.592713133,0
3/24/11,3.603733725,1.88
3/25/11,3.592713133,3.56
3/26/11,3.658836688,5.03
3/27/11,3.647816095,6.01
3/28/11,3.636795503,8.96
3/29/11,3.592713133,7.32
3/30/11,3.636795503,0.11
3/31/11,3.658836688,0.38
4/1/11,3.769042612,1.05
4/2/11,4.03353683,0.17
4/3/11,4.198845717,1.73
4/4/11,4.298031049,0
4/5/11,4.44129875,4.53
4/6/11,4.419257565,3.44
4/7/11,4.386195788,5.35
4/8/11,4.298031049,1.63
4/9/11,4.220886902,1.56
4/10/11,4.099660385,0.05
4/11/11,4.055578015,1.61
4/12/11,3.989454461,0.05
4/13/11,3.879248536,0.75
4/14/11,3.879248536,2.15
4/15/11,3.923330906,4.28
4/16/11,3.956392683,3.8
4/17/11,3.978433868,0.05
4/18/11,4.055578015,0
4/19/11,4.12170157,0
4/20/11,4.143742755,0.93
4/21/11,4.099660385,0.09
4/22/11,4.044557423,0
4/23/11,4.011495645,0
4/24/11,3.978433868,0.58
4/25/11,4.044557423,2.11
4/26/11,4.088639792,11.53
4/27/11,4.03353683,2.34
4/28/11,4.03353683,0.27
4/29/11,4.011495645,3.62
4/30/11,3.945372091,1.33
5/1/11,3.901289721,0
5/2/11,3.868227944,0
5/3/11,3.846186759,0.01
5/4/11,3.813124982,0
5/5/11,3.813124982,0
5/6/11,3.824145574,0
5/7/11,3.879248536,0.67
5/8/11,3.934351498,0.07
5/9/11,3.978433868,0.04
5/10/11,3.978433868,0
5/11/11,3.989454461,0
5/12/11,4.011495645,0.37
5/13/11,4.044557423,0
5/14/11,4.099660385,0
5/15/11,4.12170157,4.33
5/16/11,4.099660385,0.88
5/17/11,4.132722162,0.13
5/18/11,4.12170157,5.68
5/19/11,4.055578015,5.92
5/20/11,4.000475053,0
5/21/11,3.989454461,0
5/22/11,3.978433868,0.19
5/23/11,3.978433868,0
5/24/11,3.956392683,0
5/25/11,3.978433868,0
5/26/11,3.956392683,4.14
5/27/11,4.011495645,3.15
5/28/11,4.000475053,2.88
5/29/11,3.989454461,2.57
5/30/11,3.945372091,1.36
5/31/11,3.978433868,4.29
6/1/11,3.989454461,3.99
6/2/11,3.945372091,10.14
6/3/11,3.912310314,1.21
6/4/11,3.890269129,0
6/5/11,3.879248536,0
6/6/11,3.868227944,0.85
6/7/11,3.835166166,0.83
6/8/11,3.802104389,0
6/9/11,3.791083797,0
6/10/11,3.769042612,0
6/11/11,3.758022019,0
6/12/11,3.735980835,0
6/13/11,3.724960242,1.67
6/14/11,3.702919057,0
6/15/11,3.66985728,0
6/16/11,3.647816095,0
6/17/11,3.62577491,0
6/18/11,3.614754318,0
6/19/11,3.592713133,0.55
6/20/11,3.548630763,0
6/21/11,3.526589578,0
6/22/11,3.537610171,0
6/23/11,3.526589578,0
6/24/11,3.482507209,0
6/25/11,3.471486616,0
6/26/11,3.471486616,0
6/27/11,3.471486616,0
6/28/11,3.482507209,2.95
6/29/11,3.449445431,0.84
6/30/11,3.394342469,0.03
7/1/11,3.383321877,0
7/2/11,3.328218915,0
7/3/11,3.339239507,0
7/4/11,3.328218915,0
7/5/11,3.328218915,0
7/6/11,3.328218915,0
7/7/11,3.339239507,0
7/8/11,3.295157137,0
7/9/11,3.284136545,0
7/10/11,3.284136545,0
7/11/11,3.295157137,0
7/12/11,3.295157137,0
7/13/11,3.284136545,0.04
7/14/11,3.295157137,0
7/15/11,3.295157137,0
7/16/11,3.317198322,0.09
7/17/11,3.350260099,0.44
7/18/11,3.372301284,0.62
7/19/11,3.504548394,19.69
7/20/11,3.416383654,3.17
7/21/11,3.372301284,0
7/22/11,3.361280692,0
7/23/11,3.361280692,0
7/24/11,3.350260099,0
7/25/11,3.339239507,0
7/26/11,3.328218915,0
7/27/11,3.339239507,0
7/28/11,3.339239507,0
7/29/11,3.339239507,0
7/30/11,3.350260099,0
7/31/11,3.339239507,0
8/1/11,3.339239507,0
8/2/11,3.339239507,0
8/3/11,3.339239507,0
8/4/11,3.339239507,0
8/5/11,3.328218915,0
8/6/11,3.317198322,0
8/7/11,3.30617773,0
8/8/11,3.30617773,0
8/9/11,3.295157137,0
8/10/11,3.284136545,0
8/11/11,3.273115952,0
8/12/11,3.284136545,0
8/13/11,3.273115952,0
8/14/11,3.26209536,0
8/15/11,3.240054175,0
8/16/11,3.251074768,0
8/17/11,3.26209536,0
8/18/11,3.251074768,0
8/19/11,3.26209536,0
8/20/11,3.251074768,0
8/21/11,3.251074768,0
8/22/11,3.251074768,0
8/23/11,3.21801299,0
8/24/11,3.229033583,0
8/25/11,3.229033583,0.87
8/26/11,3.229033583,0
8/27/11,3.229033583,0
8/28/11,3.229033583,0
8/29/11,3.206992398,1.6
8/30/11,3.206992398,0
8/31/11,3.162910028,0
9/1/11,3.151889436,0
9/2/11,3.173930621,0
9/3/11,3.195971805,0
9/4/11,3.184951213,0
9/5/11,3.173930621,0
9/6/11,3.162910028,0
9/7/11,3.173930621,0
9/8/11,3.173930621,0
9/9/11,3.173930621,0
9/10/11,3.195971805,0
9/11/11,3.251074768,0
9/12/11,3.195971805,0
9/13/11,3.184951213,0
9/14/11,3.184951213,0
9/15/11,3.173930621,0
9/16/11,3.173930621,0
9/17/11,3.173930621,0
9/18/11,3.162910028,0
9/19/11,3.173930621,0
9/20/11,3.173930621,0
9/21/11,3.173930621,0
9/22/11,3.184951213,0
9/23/11,3.173930621,0
9/24/11,3.173930621,0
9/25/11,3.184951213,0
9/26/11,3.184951213,0.1
9/27/11,3.173930621,0
9/28/11,3.184951213,2.55
9/29/11,3.173930621,0
9/30/11,3.184951213,0
10/1/11,3.184951213,0
10/2/11,3.173930621,0.06
10/3/11,3.195971805,0.22
10/4/11,3.195971805,3.26
10/5/11,3.21801299,3.87
10/6/11,3.184951213,0.22
10/7/11,3.162910028,0.83
10/8/11,3.173930621,0.01
10/9/11,3.184951213,0
10/10/11,3.251074768,0.36
10/11/11,3.317198322,11.66
10/12/11,3.240054175,3.09
10/13/11,3.206992398,0
10/14/11,3.206992398,0.79
10/15/11,3.195971805,0
10/16/11,3.206992398,0.75
10/17/11,3.184951213,0
10/18/11,3.195971805,0.68
10/19/11,3.21801299,0
10/20/11,3.195971805,0
10/21/11,3.195971805,0
10/22/11,3.195971805,0
10/23/11,3.184951213,0
10/24/11,3.184951213,0
10/25/11,3.184951213,0
10/26/11,3.206992398,0
10/27/11,3.195971805,0
10/28/11,3.21801299,0
10/29/11,3.195971805,1.76
10/30/11,3.195971805,0.01
10/31/11,3.21801299,0.19
11/1/11,3.184951213,0.02
11/2/11,3.206992398,0
11/3/11,3.229033583,0
11/4/11,3.229033583,0.13
11/5/11,3.21801299,0
11/6/11,3.229033583,0.15
11/7/11,3.229033583,0.02
11/8/11,3.21801299,0
11/9/11,3.21801299,0.01
11/10/11,3.229033583,0
11/11/11,3.240054175,0
11/12/11,3.206992398,0.12
11/13/11,3.21801299,0.06
11/14/11,3.195971805,0.02
11/15/11,3.229033583,0.1
11/16/11,3.240054175,0
11/17/11,3.372301284,4.38
11/18/11,3.383321877,9.88
11/19/11,3.317198322,9.72
11/20/11,3.240054175,2.16
11/21/11,3.229033583,0.95
11/22/11,3.427404246,8.1
11/23/11,3.328218915,10.79
11/24/11,3.273115952,0.06
11/25/11,3.284136545,5.57
11/26/11,3.240054175,2.45
11/27/11,3.229033583,0.24
11/28/11,3.21801299,0.01
11/29/11,3.206992398,0
11/30/11,3.206992398,0
12/1/11,3.173930621,0.01
12/2/11,3.184951213,0
12/3/11,3.173930621,0
12/4/11,3.162910028,0
12/5/11,3.151889436,0
12/6/11,3.162910028,0
12/7/11,3.162910028,0
12/8/11,3.151889436,0
12/9/11,3.162910028,0
12/10/11,3.162910028,0
12/11/11,3.162910028,0
12/12/11,3.151889436,0
12/13/11,3.151889436,0
12/14/11,3.140868843,0
12/15/11,3.140868843,1.18
12/16/11,3.140868843,0
12/17/11,3.118827658,0
12/18/11,3.140868843,0
12/19/11,3.118827658,0
12/20/11,3.118827658,0
12/21/11,3.118827658,0
12/22/11,3.107807066,0
12/23/11,3.118827658,0.85
12/24/11,3.118827658,0
12/25/11,3.129848251,0
12/26/11,3.140868843,0.08
12/27/11,3.140868843,0
12/28/11,3.614754318,11.96
12/29/11,3.71393965,42.61
12/30/11,4.055578015,26.97
12/31/11,4.066598608,16.81
1/1/12,4.309051641,3.14
1/2/12,4.231907494,0
1/3/12,4.088639792,0.07
1/4/12,3.989454461,0
1/5/12,3.989454461,0
1/6/12,3.835166166,0.01
1/7/12,3.735980835,0.02
1/8/12,3.658836688,0
1/9/12,3.603733725,0
1/10/12,3.548630763,0
1/11/12,3.493527801,0
1/12/12,3.449445431,0
1/13/12,3.328218915,0
1/14/12,3.350260099,0
1/15/12,3.405363062,0.53
1/16/12,3.416383654,0.05
1/17/12,3.438424839,2.2
1/18/12,3.791083797,21.05
1/19/12,4.187825124,37.52
1/20/12,4.099660385,29.28
1/21/12,4.364154603,11.15
1/22/12,4.595587044,0.35
1/23/12,4.474360528,2.52
1/24/12,4.639669414,7.18
1/25/12,4.827019485,43.2
1/26/12,4.89314304,4.23
1/27/12,4.992328372,4.81
1/28/12,4.981307779,0.02
1/29/12,4.793957708,0
1/30/12,4.782937116,3.36
1/31/12,4.595587044,0.94
2/1/12,4.518442897,0.12
2/2/12,4.386195788,0.02
2/3/12,4.253948679,0
2/4/12,4.143742755,0
2/5/12,4.044557423,0
2/6/12,3.967413276,0
2/7/12,3.901289721,0
2/8/12,3.868227944,0.59
2/9/12,3.724960242,1.79
2/10/12,3.802104389,0.7
2/11/12,3.791083797,2.06
2/12/12,3.758022019,0
2/13/12,3.747001427,0
2/14/12,3.71393965,0
2/15/12,3.691898465,2.87
2/16/12,3.658836688,0.58
2/17/12,3.658836688,0
2/18/12,3.71393965,0.31
2/19/12,3.66985728,1.47
2/20/12,3.66985728,1.44
2/21/12,3.691898465,0.27
2/22/12,3.857207351,0.12
2/23/12,3.802104389,0.1
2/24/12,3.890269129,0.08
2/25/12,4.055578015,2.84
2/26/12,4.000475053,10.34
2/27/12,3.934351498,2.13
2/28/12,3.901289721,0.74
2/29/12,3.934351498,6.17
3/1/12,3.923330906,7.57
3/2/12,3.835166166,1.09
3/3/12,3.791083797,3.98
3/4/12,3.758022019,1.11
3/5/12,3.791083797,0
3/6/12,3.824145574,5.2
3/7/12,3.758022019,0.44
3/8/12,3.735980835,2.56
3/9/12,3.71393965,0
3/10/12,3.71393965,0
3/11/12,3.780063204,2.96
3/12/12,3.747001427,2.7
3/13/12,3.824145574,6.33
3/14/12,3.813124982,9.59
3/15/12,3.989454461,15.34
3/16/12,4.165783939,17.89
3/17/12,4.143742755,5.43
3/18/12,4.176804532,1.98
3/19/12,4.143742755,1.89
3/20/12,4.309051641,11.93
3/21/12,4.496401712,10.21
3/22/12,4.331092826,23.9
3/23/12,4.176804532,2.06
3/24/12,4.132722162,2.13
3/25/12,4.132722162,0
3/26/12,4.0776192,0
3/27/12,4.055578015,0.36
3/28/12,4.03353683,4.75
3/29/12,4.055578015,3.99
3/30/12,4.771916523,21.37
3/31/12,4.926204817,21.82
4/1/12,4.959266595,5.06
4/2/12,4.915184225,6.12
4/3/12,4.838040078,0.75
4/4/12,4.749875338,0.52
4/5/12,4.650690006,2.78
4/6/12,4.52946349,3
4/7/12,4.430278158,0
4/8/12,4.342113418,0.1
4/9/12,4.275989864,0
4/10/12,4.242928086,0
4/11/12,4.231907494,0
4/12/12,4.231907494,6.69
4/13/12,4.231907494,0.56
4/14/12,4.231907494,5.72
4/15/12,4.187825124,0
4/16/12,4.231907494,0.67
4/17/12,4.287010456,0.8
4/18/12,4.375175196,1.92
4/19/12,4.474360528,1.57
4/20/12,4.584566452,2.44
4/21/12,4.661710599,0.01
4/22/12,4.838040078,0
4/23/12,4.981307779,0
4/24/12,5.146616666,5.22
4/25/12,5.245801998,0
4/26/12,5.311925552,7.78
4/27/12,5.234781405,4.09
4/28/12,4.981307779,1.79
4/29/12,4.84906067,0
4/30/12,4.871101855,1.63
5/1/12,4.838040078,1.89
5/2/12,4.904163632,0.03
5/3/12,4.926204817,3.29
5/4/12,4.827019485,8.08
5/5/12,4.727834154,0.02
5/6/12,4.628648822,0.49
5/7/12,4.52946349,0
5/8/12,4.44129875,0
5/9/12,4.375175196,0
5/10/12,4.320072234,0
5/11/12,4.287010456,0
5/12/12,4.309051641,0
5/13/12,4.264969271,0
5/14/12,4.242928086,0
5/15/12,4.209866309,0
5/16/12,4.198845717,0
5/17/12,4.209866309,0
5/18/12,4.209866309,0
5/19/12,4.165783939,0
5/20/12,4.110680977,0
5/21/12,4.066598608,0.74
5/22/12,4.022516238,2.04
5/23/12,4.000475053,2.12
5/24/12,4.0776192,0.75
5/25/12,4.088639792,3.79
5/26/12,4.066598608,7.13
5/27/12,4.03353683,3.48
5/28/12,3.934351498,0
5/29/12,3.868227944,0.37
5/30/12,3.846186759,0
5/31/12,3.802104389,0
6/1/12,3.769042612,0
6/2/12,3.769042612,1.01
6/3/12,3.735980835,0.12
6/4/12,3.824145574,8.2
6/5/12,3.802104389,9.42
6/6/12,3.758022019,1.72
6/7/12,3.791083797,0
6/8/12,3.813124982,1.21
6/9/12,3.791083797,1.35
6/10/12,3.747001427,0.26
6/11/12,3.735980835,0
6/12/12,3.724960242,0
6/13/12,3.691898465,0.13
6/14/12,3.647816095,0
6/15/12,3.581692541,0
6/16/12,3.603733725,0
6/17/12,3.603733725,0
6/18/12,3.592713133,0
6/19/12,3.581692541,0.32
6/20/12,3.581692541,0
6/21/12,3.592713133,0
6/22/12,3.636795503,1.09
6/23/12,3.724960242,11.52
6/24/12,3.658836688,12.88
6/25/12,3.62577491,0.55
6/26/12,3.62577491,0.98
6/27/12,3.614754318,2.38
6/28/12,3.603733725,0
6/29/12,3.581692541,0
6/30/12,3.581692541,0
7/1/12,3.581692541,1.28
7/2/12,3.559651356,0
7/3/12,3.548630763,0
7/4/12,3.548630763,0.01
7/5/12,3.537610171,0
7/6/12,3.526589578,0
7/7/12,3.515568986,0
7/8/12,3.515568986,0
7/9/12,3.515568986,0
7/10/12,3.471486616,0.13
7/11/12,3.482507209,0
7/12/12,3.493527801,0
7/13/12,3.471486616,0.74
7/14/12,3.471486616,0
7/15/12,3.471486616,6.56
7/16/12,3.449445431,0
7/17/12,3.482507209,0.77
7/18/12,3.482507209,1.03
7/19/12,3.460466024,1.48
7/20/12,3.460466024,0
7/21/12,3.438424839,1.39
7/22/12,3.449445431,0
7/23/12,3.416383654,0
7/24/12,3.416383654,0
7/25/12,3.438424839,0
7/26/12,3.416383654,0
7/27/12,3.416383654,0
7/28/12,3.427404246,0
7/29/12,3.427404246,0
7/30/12,3.416383654,0
7/31/12,3.405363062,0
8/1/12,3.416383654,0
8/2/12,3.405363062,0
8/3/12,3.405363062,0
8/4/12,3.416383654,0
8/5/12,3.427404246,0
8/6/12,3.405363062,3.97
8/7/12,3.416383654,0
8/8/12,3.383321877,0
8/9/12,3.383321877,0
8/10/12,3.394342469,0
8/11/12,3.372301284,0
8/12/12,3.383321877,0
8/13/12,3.394342469,0
8/14/12,3.394342469,0
8/15/12,3.284136545,0
8/16/12,3.361280692,0
8/17/12,3.361280692,0
8/18/12,3.394342469,0
8/19/12,3.405363062,0
8/20/12,3.361280692,0
8/21/12,3.339239507,0
8/22/12,3.328218915,0.07
8/23/12,3.350260099,0
8/24/12,3.339239507,0
8/25/12,3.361280692,0
8/26/12,3.372301284,0
8/27/12,3.350260099,0
8/28/12,3.361280692,0
8/29/12,3.372301284,0
8/30/12,3.372301284,0
8/31/12,3.383321877,0
9/1/12,3.372301284,0
9/2/12,3.372301284,0
9/3/12,3.372301284,0
9/4/12,3.361280692,0
9/5/12,3.372301284,0
9/6/12,3.361280692,0
9/7/12,3.361280692,0
9/8/12,3.361280692,0
9/9/12,3.361280692,0
9/10/12,3.350260099,0
9/11/12,3.361280692,0
9/12/12,3.361280692,0
9/13/12,3.361280692,0
9/14/12,3.372301284,0
9/15/12,3.372301284,0
9/16/12,3.372301284,0
9/17/12,3.372301284,0
9/18/12,3.372301284,0
9/19/12,3.372301284,0
9/20/12,3.372301284,0
9/21/12,3.372301284,0
9/22/12,3.361280692,0
9/23/12,3.350260099,0.47
9/24/12,3.361280692,0.98
9/25/12,3.372301284,0
9/26/12,3.372301284,0
9/27/12,3.383321877,0
9/28/12,3.383321877,0
9/29/12,3.372301284,0
9/30/12,3.361280692,0
10/1/12,3.383321877,0
10/2/12,3.394342469,0
10/3/12,3.372301284,0
10/4/12,3.383321877,0
10/5/12,3.383321877,0
10/6/12,3.394342469,0
10/7/12,3.394342469,0
10/8/12,3.394342469,0
10/9/12,3.405363062,0
10/10/12,3.405363062,0
10/11/12,3.405363062,0
10/12/12,3.405363062,0
10/13/12,3.405363062,4.23
10/14/12,3.416383654,0.03
10/15/12,3.537610171,4.45
10/16/12,3.702919057,32.99
10/17/12,3.581692541,3.02
10/18/12,3.526589578,0.77
10/19/12,3.526589578,1.18
10/20/12,3.548630763,0.82
10/21/12,3.526589578,0.42
10/22/12,3.581692541,3.24
10/23/12,3.559651356,4.69
10/24/12,3.526589578,2.6
10/25/12,3.515568986,0.26
10/26/12,3.570671948,0
10/27/12,3.724960242,0
10/28/12,3.66985728,7.73
10/29/12,3.691898465,8.17
10/30/12,3.614754318,0.6
10/31/12,3.581692541,0.96
11/1/12,3.570671948,0.04
11/2/12,3.570671948,0.46
11/3/12,3.581692541,6.81
11/4/12,3.559651356,0
11/5/12,3.548630763,0
11/6/12,3.548630763,0
11/7/12,3.526589578,1.37
11/8/12,3.526589578,0
11/9/12,3.548630763,0.95
11/10/12,3.559651356,2.31
11/11/12,3.526589578,0
11/12/12,3.559651356,10.15
11/13/12,3.548630763,1.84
11/14/12,3.526589578,0
11/15/12,3.515568986,0
11/16/12,3.515568986,0.28
11/17/12,3.559651356,0
11/18/12,3.559651356,0.91
11/19/12,3.603733725,1.96
11/20/12,3.879248536,36.33
11/21/12,3.802104389,31.74
11/22/12,3.702919057,6.44
11/23/12,3.71393965,4.6
11/24/12,3.780063204,3.95
11/25/12,3.758022019,2.64
11/26/12,3.780063204,0
11/27/12,3.813124982,0.35
11/28/12,3.802104389,0.01
11/29/12,3.780063204,1.49
11/30/12,3.835166166,13.42
12/1/12,3.901289721,8.44
12/2/12,4.209866309,17.69
12/3/12,4.12170157,6.69
12/4/12,4.48538112,13.64
12/5/12,4.815998893,31.04
12/6/12,5.686625695,0.05
12/7/12,5.807852212,0
12/8/12,5.157637258,0.08
12/9/12,4.782937116,0.02
12/10/12,4.540484082,0.04
12/11/12,4.320072234,0
12/12/12,4.309051641,0.09
12/13/12,4.176804532,0.07
12/14/12,4.0776192,0
12/15/12,4.011495645,0.06
12/16/12,4.03353683,6.11
12/17/12,4.242928086,19.53
12/18/12,4.044557423,12.79
12/19/12,3.978433868,1.65
12/20/12,3.945372091,3.46
12/21/12,3.967413276,2.53
12/22/12,3.923330906,2.74
12/23/12,3.923330906,1.15
12/24/12,3.879248536,13.83
12/25/12,3.857207351,3.26
12/26/12,3.857207351,7.76
12/27/12,3.791083797,0.17
12/28/12,3.758022019,0
12/29/12,3.71393965,0
12/30/12,3.71393965,3.08
12/31/12,3.680877872,0
1/1/13,3.658836688,0
1/2/13,3.62577491,0
1/3/13,3.614754318,0
1/4/13,3.614754318,0.48
1/5/13,3.614754318,0
1/6/13,3.592713133,0.1
1/7/13,3.62577491,0.24
1/8/13,3.658836688,0.49
1/9/13,3.66985728,1.09
1/10/13,3.658836688,0.58
1/11/13,3.647816095,0.05
1/12/13,3.614754318,0
1/13/13,3.603733725,0
1/14/13,3.603733725,0
1/15/13,3.570671948,0.43
1/16/13,3.526589578,0
1/17/13,3.526589578,0
1/18/13,3.537610171,0
1/19/13,3.526589578,0
1/20/13,3.515568986,0
1/21/13,3.515568986,0
1/22/13,3.504548394,0
1/23/13,3.504548394,0
1/24/13,3.504548394,0.03
1/25/13,3.526589578,0.2
1/26/13,3.537610171,0.27
1/27/13,3.526589578,0.03
1/28/13,3.559651356,0.22
1/29/13,3.680877872,1.24
1/30/13,3.614754318,0.28
1/31/13,3.570671948,0.02
2/1/13,3.537610171,0
2/2/13,3.526589578,0
2/3/13,3.515568986,0
2/4/13,3.515568986,0
2/5/13,3.515568986,0
2/6/13,3.537610171,0.12
2/7/13,3.526589578,0.03
2/8/13,3.504548394,0.01
2/9/13,3.504548394,0
2/10/13,3.493527801,0
2/11/13,3.493527801,0
2/12/13,3.493527801,0
2/13/13,3.493527801,0
2/14/13,3.471486616,0.01
2/15/13,3.482507209,0
2/16/13,3.493527801,0
2/17/13,3.493527801,0.01
2/18/13,3.471486616,0
2/19/13,3.493527801,0
2/20/13,3.471486616,0
2/21/13,3.493527801,0.02
2/22/13,3.526589578,0.18
2/23/13,3.548630763,0.92
2/24/13,3.504548394,0.12
2/25/13,3.526589578,1.45
2/26/13,3.504548394,0.42
2/27/13,3.482507209,0.5
2/28/13,3.504548394,0.41
3/1/13,3.504548394,0.35
3/2/13,3.493527801,0
3/3/13,3.526589578,0
3/4/13,3.526589578,0
3/5/13,3.537610171,0
3/6/13,3.592713133,4.11
3/7/13,3.581692541,0.53
3/8/13,3.559651356,4.6
3/9/13,3.526589578,0.43
3/10/13,3.526589578,0
3/11/13,3.526589578,1.75
3/12/13,3.526589578,0
3/13/13,3.526589578,0
3/14/13,3.526589578,0
3/15/13,3.548630763,0
3/16/13,3.592713133,0
3/17/13,3.636795503,0.03
3/18/13,3.658836688,0.02
3/19/13,3.680877872,0
3/20/13,3.868227944,5.58
3/21/13,3.857207351,9.85
3/22/13,3.879248536,2.3
3/23/13,3.868227944,0
3/24/13,3.868227944,0
3/25/13,3.846186759,2.45
3/26/13,3.813124982,1.22
3/27/13,3.813124982,0.01
3/28/13,3.791083797,0.7
3/29/13,3.769042612,1.59
3/30/13,3.758022019,0
3/31/13,3.802104389,0
4/1/13,3.835166166,0
4/2/13,3.857207351,0
4/3/13,3.912310314,0
4/4/13,4.03353683,0
4/5/13,4.353134011,5.58
4/6/13,4.507422305,1.71
4/7/13,4.992328372,6.06
4/8/13,5.245801998,1.45
4/9/13,5.069472519,1.09
4/10/13,4.838040078,0.92
4/11/13,4.672731191,0.02
4/12/13,4.584566452,0
4/13/13,4.507422305,0.02
4/14/13,4.419257565,0.04
4/15/13,4.375175196,0.14
4/16/13,4.264969271,10.37
4/17/13,4.154763347,6.75
4/18/13,4.0776192,1.14
4/19/13,4.066598608,0.18
4/20/13,4.055578015,0.47
4/21/13,4.03353683,1.33
4/22/13,4.055578015,0
4/23/13,4.055578015,0
4/24/13,4.011495645,0
4/25/13,4.000475053,0
4/26/13,3.956392683,0
4/27/13,3.945372091,0
4/28/13,3.934351498,0
4/29/13,3.956392683,0
4/30/13,3.934351498,0
5/1/13,3.923330906,0
5/2/13,3.868227944,0
5/3/13,3.835166166,0
5/4/13,3.813124982,0
5/5/13,3.769042612,0
5/6/13,3.758022019,0
5/7/13,3.747001427,0
5/8/13,3.735980835,0
5/9/13,3.747001427,0
5/10/13,3.758022019,0
5/11/13,3.724960242,0
5/12/13,3.702919057,0
5/13/13,3.680877872,0
5/14/13,3.66985728,0.01
5/15/13,3.647816095,0
5/16/13,3.636795503,0.29
5/17/13,3.614754318,1.79
5/18/13,3.592713133,0.02
5/19/13,3.570671948,0.04
5/20/13,3.570671948,0.67
5/21/13,3.570671948,0
5/22/13,3.570671948,0.25
5/23/13,3.559651356,0.07
5/24/13,3.548630763,3.91
5/25/13,3.537610171,0.02
5/26/13,3.559651356,1.53
5/27/13,3.592713133,0.24
5/28/13,3.614754318,6.7
5/29/13,3.658836688,10.05
5/30/13,3.603733725,0.32
5/31/13,3.581692541,0
6/1/13,3.603733725,0
6/2/13,3.603733725,0
6/3/13,3.570671948,0
6/4/13,3.559651356,0
6/5/13,3.526589578,0
6/6/13,3.504548394,0
6/7/13,3.482507209,0
6/8/13,3.460466024,0
6/9/13,3.460466024,0
6/10/13,3.449445431,0
6/11/13,3.449445431,0
6/12/13,3.449445431,0
6/13/13,3.438424839,0
6/14/13,3.449445431,0.05
6/15/13,3.460466024,0
6/16/13,3.460466024,0
6/17/13,3.438424839,0
6/18/13,3.449445431,0
6/19/13,3.438424839,0.33
6/20/13,3.438424839,0.6
6/21/13,3.427404246,0.06
6/22/13,3.438424839,0
6/23/13,3.504548394,0
6/24/13,3.515568986,10.77
6/25/13,3.559651356,5.48
6/26/13,3.526589578,5.49
6/27/13,3.504548394,0.66
6/28/13,3.482507209,0
6/29/13,3.482507209,0
6/30/13,3.460466024,0
7/1/13,3.438424839,0
7/2/13,3.438424839,0
7/3/13,3.427404246,0
7/4/13,3.405363062,0
7/5/13,3.372301284,0
7/6/13,3.361280692,0
7/7/13,3.383321877,0
7/8/13,3.383321877,0
7/9/13,3.394342469,0
7/10/13,3.394342469,0
7/11/13,3.372301284,0
7/12/13,3.361280692,0
7/13/13,3.372301284,0
7/14/13,3.372301284,0
7/15/13,3.361280692,0
7/16/13,3.372301284,0
7/17/13,3.350260099,0
7/18/13,3.339239507,0
7/19/13,3.350260099,0
7/20/13,3.350260099,0
7/21/13,3.339239507,0
7/22/13,3.328218915,0
7/23/13,3.339239507,0
7/24/13,3.339239507,0
7/25/13,3.328218915,0
7/26/13,3.317198322,0
7/27/13,3.317198322,0
7/28/13,3.317198322,0
7/29/13,3.295157137,0
7/30/13,3.30617773,0
7/31/13,3.317198322,0
8/1/13,3.339239507,1.12
8/2/13,3.317198322,0
8/3/13,3.30617773,1.48
8/4/13,3.317198322,0
8/5/13,3.317198322,0
8/6/13,3.317198322,0
8/7/13,3.317198322,0
8/8/13,3.30617773,0
8/9/13,3.328218915,0.53
8/10/13,3.328218915,5.39
8/11/13,3.328218915,3.38
8/12/13,3.317198322,0
8/13/13,3.317198322,0
8/14/13,3.317198322,0
8/15/13,3.317198322,0
8/16/13,3.30617773,0
8/17/13,3.30617773,0.34
8/18/13,3.295157137,0
8/19/13,3.295157137,0
8/20/13,3.284136545,0
8/21/13,3.295157137,0
8/22/13,3.317198322,0
8/23/13,3.328218915,7.46
8/24/13,3.30617773,0
8/25/13,3.317198322,0.49
8/26/13,3.30617773,14.69
8/27/13,3.30617773,0
8/28/13,3.30617773,0
8/29/13,3.30617773,0
8/30/13,3.30617773,0.02
8/31/13,3.30617773,0
9/1/13,3.30617773,0
9/2/13,3.30617773,0
9/3/13,3.295157137,0
9/4/13,3.295157137,0
9/5/13,3.30617773,0
9/6/13,3.30617773,4.78
9/7/13,3.295157137,0.96
9/8/13,3.295157137,0
9/9/13,3.295157137,0
9/10/13,3.284136545,0
9/11/13,3.295157137,0
9/12/13,3.295157137,0
9/13/13,3.284136545,0
9/14/13,3.284136545,0
9/15/13,3.284136545,0
9/16/13,3.26209536,0
9/17/13,3.273115952,0
9/18/13,3.195971805,0.41
9/19/13,3.206992398,0.05
9/20/13,3.240054175,0
9/21/13,3.273115952,1
9/22/13,3.273115952,0.39
9/23/13,3.284136545,4.5
9/24/13,3.284136545,0.29
9/25/13,3.30617773,4.41
9/26/13,3.405363062,0.79
9/27/13,3.438424839,0.06
9/28/13,3.416383654,7.16
9/29/13,3.62577491,29.39
9/30/13,3.66985728,52.74
10/1/13,3.482507209,3.55
10/2/13,3.394342469,0.77
10/3/13,3.361280692,2.58
10/4/13,3.328218915,0
10/5/13,3.328218915,0
10/6/13,3.328218915,0.88
10/7/13,3.30617773,0
10/8/13,3.30617773,0.16
10/9/13,3.30617773,0.42
10/10/13,3.295157137,0
10/11/13,3.295157137,0
10/12/13,3.284136545,0
10/13/13,3.273115952,1.78
10/14/13,3.251074768,0
10/15/13,3.206992398,0
10/16/13,3.162910028,0
10/17/13,3.195971805,0
10/18/13,3.251074768,0
10/19/13,3.328218915,0
10/20/13,3.284136545,0
10/21/13,3.26209536,0
10/22/13,3.26209536,0
10/23/13,3.229033583,0
10/24/13,3.229033583,0
10/25/13,3.21801299,0
10/26/13,3.21801299,0
10/27/13,3.229033583,0
10/28/13,3.229033583,8.87
10/29/13,3.206992398,0.18
10/30/13,3.206992398,0
10/31/13,3.195971805,3
11/1/13,3.195971805,0.01
11/2/13,3.229033583,0.03
11/3/13,3.26209536,5.73
11/4/13,3.229033583,0.48
11/5/13,3.21801299,0.49
11/6/13,3.206992398,1.72
11/7/13,3.240054175,0.72
11/8/13,3.251074768,3.05
11/9/13,3.21801299,0
11/10/13,3.206992398,1.3
11/11/13,3.184951213,0
11/12/13,3.184951213,0
11/13/13,3.173930621,0
11/14/13,3.173930621,0
11/15/13,3.162910028,0
11/16/13,3.195971805,0.08
11/17/13,3.195971805,0.61
11/18/13,3.184951213,0.27
11/19/13,3.21801299,3.29
11/20/13,3.206992398,5.04
11/21/13,3.184951213,0
11/22/13,3.173930621,0
11/23/13,3.173930621,0
11/24/13,3.173930621,0
11/25/13,3.173930621,0
11/26/13,3.162910028,0.53
11/27/13,3.162910028,0
11/28/13,3.162910028,0
11/29/13,3.151889436,0
11/30/13,3.140868843,0.62
12/1/13,3.184951213,0
12/2/13,3.416383654,13.83
12/3/13,3.284136545,5.7
12/4/13,3.240054175,0.1
12/5/13,3.229033583,0
12/6/13,3.240054175,0
12/7/13,3.240054175,2.31
12/8/13,3.162910028,0
12/9/13,3.21801299,0
12/10/13,3.195971805,2.38
12/11/13,3.162910028,0
12/12/13,3.151889436,1.01
12/13/13,3.151889436,0.48
12/14/13,3.129848251,0.32
12/15/13,3.140868843,0.85
12/16/13,3.140868843,0
12/17/13,3.140868843,0
12/18/13,3.140868843,0
12/19/13,3.129848251,0
12/20/13,3.129848251,0
12/21/13,3.140868843,0.16
12/22/13,3.184951213,0.25
12/23/13,3.162910028,0.03
12/24/13,3.151889436,0.04
12/25/13,3.151889436,0
12/26/13,3.151889436,0
12/27/13,3.162910028,0
12/28/13,3.162910028,0
12/29/13,3.162910028,0
12/30/13,3.151889436,0
12/31/13,3.140868843,0
1/1/14,3.151889436,0
1/2/14,3.151889436,0
1/3/14,3.162910028,0
1/4/14,3.129848251,0
1/5/14,3.129848251,0
1/6/14,3.129848251,0
1/7/14,3.151889436,0
1/8/14,3.195971805,1.2
1/9/14,3.251074768,8.19
1/10/14,3.240054175,2.2
1/11/14,3.273115952,0.76
1/12/14,3.328218915,10.34
1/13/14,3.295157137,3.64
1/14/14,3.26209536,0
1/15/14,3.26209536,0
1/16/14,3.26209536,0
1/17/14,3.251074768,0
1/18/14,3.240054175,0
1/19/14,3.229033583,0
1/20/14,3.206992398,0
1/21/14,3.184951213,0
1/22/14,3.184951213,0
1/23/14,3.184951213,0
1/24/14,3.173930621,0
1/25/14,3.151889436,0
1/26/14,3.151889436,0
1/27/14,3.140868843,0
1/28/14,3.162910028,0.67
1/29/14,3.328218915,10.89
1/30/14,3.317198322,7.36
1/31/14,3.30617773,0.01
2/1/14,3.328218915,0.06
2/2/14,3.339239507,0
2/3/14,3.328218915,2.08
2/4/14,3.30617773,0.52
2/5/14,3.273115952,2.3
2/6/14,3.26209536,0
2/7/14,3.30617773,12.21
2/8/14,3.273115952,28.84
2/9/14,3.427404246,16.7
2/10/14,3.328218915,0.11
2/11/14,3.317198322,0.64
2/12/14,3.780063204,15.67
2/13/14,3.813124982,21.62
2/14/14,4.518442897,11.41
2/15/14,5.620502141,25.46
2/16/14,6.303778871,10.09
2/17/14,6.336840649,1.74
2/18/14,6.336840649,7.44
2/19/14,5.873975766,6.61
2/20/14,5.311925552,3.1
2/21/14,5.014369557,0.48
2/22/14,4.84906067,0.64
2/23/14,4.672731191,0
2/24/14,4.573545859,0.01
2/25/14,4.452319343,6.73
2/26/14,4.331092826,0
2/27/14,4.264969271,1.38
2/28/14,4.209866309,2.38
3/1/14,4.220886902,7.61
3/2/14,4.419257565,2.88
3/3/14,4.749875338,12.6
3/4/14,4.827019485,6.76
3/5/14,5.212740221,0.03
3/6/14,6.579293682,20.14
3/7/14,6.810726123,2.63
3/8/14,6.645417237,0
3/9/14,7.251549821,10.53
3/10/14,7.681352925,11.42
3/11/14,7.571147001,1.15
3/12/14,7.119302711,0
3/13/14,6.447046573,1.37
3/14/14,5.851934582,0.09
3/15/14,5.499275624,0.26
3/16/14,5.34498733,0
3/17/14,5.34498733,0.4
3/18/14,5.124575481,0.01
3/19/14,4.948246002,0
3/20/14,4.782937116,0
3/21/14,4.606607637,0
3/22/14,4.518442897,0
3/23/14,4.430278158,0
3/24/14,4.353134011,0
3/25/14,4.320072234,0
3/26/14,4.342113418,3.93
3/27/14,4.419257565,2.52
3/28/14,4.474360528,6.67
3/29/14,4.650690006,15.4
3/30/14,4.628648822,1.6
3/31/14,4.639669414,0.02
4/1/14,4.628648822,1.43
4/2/14,4.518442897,4.37
4/3/14,4.419257565,0
4/4/14,4.342113418,0
4/5/14,4.287010456,0.06
4/6/14,4.231907494,1.42
4/7/14,4.198845717,0
4/8/14,4.198845717,0
4/9/14,4.198845717,0
4/10/14,4.198845717,0
4/11/14,4.198845717,0
4/12/14,4.198845717,0
4/13/14,4.154763347,0
4/14/14,4.132722162,0
4/15/14,4.088639792,0
4/16/14,4.044557423,0
4/17/14,4.03353683,0
4/18/14,4.022516238,0.34
4/19/14,4.011495645,0
4/20/14,4.011495645,0.02
4/21/14,3.978433868,0
4/22/14,3.923330906,3.29
4/23/14,3.978433868,0.32
4/24/14,4.132722162,7.29
4/25/14,4.165783939,4.58
4/26/14,4.187825124,0.12
4/27/14,4.309051641,2.26
4/28/14,4.242928086,1.11
4/29/14,4.110680977,0
4/30/14,4.011495645,0
5/1/14,4.000475053,0
5/2/14,3.978433868,0
5/3/14,3.945372091,0
5/4/14,3.956392683,0.21
5/5/14,3.967413276,4.57
5/6/14,3.945372091,0.21
5/7/14,3.945372091,0
5/8/14,3.967413276,0
5/9/14,4.055578015,7.74
5/10/14,4.0776192,4.78
5/11/14,4.055578015,2.15
5/12/14,4.0776192,0
5/13/14,4.055578015,0
5/14/14,4.000475053,0
5/15/14,3.945372091,0
5/16/14,3.890269129,0
5/17/14,3.835166166,0
5/18/14,3.824145574,1.07
5/19/14,3.813124982,0.48
5/20/14,3.802104389,1.29
5/21/14,3.780063204,0
5/22/14,3.758022019,0
5/23/14,3.758022019,0
5/24/14,3.71393965,0.75
5/25/14,3.680877872,0
5/26/14,3.647816095,0
5/27/14,3.647816095,0
5/28/14,3.614754318,0
5/29/14,3.592713133,0
5/30/14,3.592713133,0
5/31/14,3.570671948,0.01
6/1/14,3.548630763,0
6/2/14,3.537610171,0
6/3/14,3.537610171,0
6/4/14,3.493527801,0
6/5/14,3.482507209,0
6/6/14,3.482507209,0
6/7/14,3.482507209,0
6/8/14,3.471486616,0
6/9/14,3.460466024,0
6/10/14,3.438424839,0
6/11/14,3.427404246,0
6/12/14,3.449445431,0
6/13/14,3.460466024,1.19
6/14/14,3.482507209,0.78
6/15/14,3.449445431,0
6/16/14,3.471486616,0.09
6/17/14,3.471486616,0.66
6/18/14,3.427404246,0.01
6/19/14,3.427404246,0
6/20/14,3.427404246,0
6/21/14,3.427404246,0
6/22/14,3.394342469,0
6/23/14,3.405363062,0
6/24/14,3.416383654,1.77
6/25/14,3.427404246,0
6/26/14,3.449445431,8.79
6/27/14,3.427404246,1.5
6/28/14,3.427404246,2.2
6/29/14,3.394342469,0
6/30/14,3.372301284,0
7/1/14,3.372301284,0
7/2/14,3.405363062,0
7/3/14,3.394342469,0
7/4/14,3.361280692,0
7/5/14,3.339239507,0
7/6/14,3.339239507,0
7/7/14,3.339239507,0
7/8/14,3.350260099,0
7/9/14,3.328218915,0
7/10/14,3.30617773,0
7/11/14,3.30617773,0
7/12/14,3.317198322,0
7/13/14,3.328218915,0
7/14/14,3.328218915,2.6
7/15/14,3.30617773,0
7/16/14,3.317198322,0
7/17/14,3.295157137,0
7/18/14,3.284136545,0.03
7/19/14,3.284136545,0
7/20/14,3.295157137,0
7/21/14,3.284136545,0
7/22/14,3.295157137,0
7/23/14,3.339239507,10.89
7/24/14,3.328218915,6.51
7/25/14,3.30617773,0
7/26/14,3.295157137,0
7/27/14,3.26209536,0
7/28/14,3.273115952,0
7/29/14,3.284136545,0
7/30/14,3.317198322,2.62
7/31/14,3.30617773,0
8/1/14,3.317198322,1.71
8/2/14,3.295157137,0
8/3/14,3.273115952,0
8/4/14,3.273115952,0
8/5/14,3.273115952,0
8/6/14,3.251074768,0
8/7/14,3.251074768,0
8/8/14,3.240054175,0
8/9/14,3.240054175,0
8/10/14,3.251074768,0
8/11/14,3.26209536,0
8/12/14,3.284136545,0.02
8/13/14,3.30617773,9.94
8/14/14,3.295157137,3.45
8/15/14,3.273115952,3.97
8/16/14,3.26209536,0
8/17/14,3.26209536,0
8/18/14,3.26209536,0
8/19/14,3.26209536,0
8/20/14,3.251074768,0
8/21/14,3.21801299,1.04
8/22/14,3.206992398,0
8/23/14,3.21801299,0.59
8/24/14,3.229033583,0
8/25/14,3.21801299,0.31
8/26/14,3.229033583,0
8/27/14,3.240054175,0
8/28/14,3.229033583,0
8/29/14,3.21801299,0
8/30/14,3.21801299,0
8/31/14,3.206992398,1.61
9/1/14,3.206992398,0
9/2/14,3.206992398,0
9/3/14,3.206992398,0
9/4/14,3.206992398,0
9/5/14,3.21801299,0
9/6/14,3.229033583,0
9/7/14,3.240054175,0
9/8/14,3.240054175,0
9/9/14,3.21801299,0
9/10/14,3.206992398,0
9/11/14,3.206992398,0
9/12/14,3.21801299,0
9/13/14,3.240054175,0
9/14/14,3.240054175,0
9/15/14,3.240054175,0
9/16/14,3.251074768,0
9/17/14,3.251074768,0
9/18/14,3.251074768,0
9/19/14,3.240054175,0
9/20/14,3.251074768,0
9/21/14,3.240054175,0
9/22/14,3.229033583,0
9/23/14,3.229033583,0
9/24/14,3.273115952,0
9/25/14,3.273115952,15.11
9/26/14,3.26209536,1.89
9/27/14,3.26209536,0
9/28/14,3.229033583,0
9/29/14,3.229033583,0
9/30/14,3.21801299,0.02
10/1/14,3.206992398,0.9
10/2/14,3.206992398,0
10/3/14,3.206992398,0
10/4/14,3.206992398,0
10/5/14,3.206992398,0
10/6/14,3.206992398,0
10/7/14,3.206992398,0
10/8/14,3.206992398,0
10/9/14,3.206992398,0
10/10/14,3.206992398,0
10/11/14,3.195971805,0
10/12/14,3.206992398,0.09
10/13/14,3.206992398,0
10/14/14,3.21801299,0
10/15/14,3.240054175,3.41
10/16/14,3.229033583,3.36
10/17/14,3.21801299,0
10/18/14,3.206992398,0.12
10/19/14,3.206992398,0
10/20/14,3.229033583,0.05
10/21/14,3.240054175,3.75
10/22/14,3.240054175,0.27
10/23/14,3.361280692,13.67
10/24/14,3.339239507,8.59
10/25/14,3.328218915,4.69
10/26/14,3.383321877,7.98
10/27/14,3.328218915,6.51
10/28/14,3.30617773,0
10/29/14,3.30617773,5.47
10/30/14,3.295157137,0.87
10/31/14,3.350260099,4.32
11/1/14,3.30617773,5.82
11/2/14,3.26209536,0
11/3/14,3.251074768,0.76
11/4/14,3.240054175,0.12
11/5/14,3.251074768,0.36
11/6/14,3.251074768,0
11/7/14,3.206992398,0.02
11/8/14,3.21801299,0
11/9/14,3.251074768,0
11/10/14,3.206992398,0.73
11/11/14,3.206992398,0.65
11/12/14,3.195971805,0
11/13/14,3.328218915,4.36
11/14/14,3.471486616,22.51
11/15/14,3.350260099,10.35
11/16/14,3.273115952,0.67
11/17/14,3.229033583,0
11/18/14,3.21801299,0
11/19/14,3.21801299,0
11/20/14,3.240054175,0.09
11/21/14,3.30617773,0.64
11/22/14,3.526589578,20.08
11/23/14,3.438424839,12.64
11/24/14,3.350260099,0.11
11/25/14,3.405363062,0.03
11/26/14,3.394342469,0.13
11/27/14,3.482507209,0
11/28/14,3.71393965,10.91
11/29/14,4.000475053,19.98
11/30/14,4.220886902,1.61
12/1/14,4.386195788,3.4
12/2/14,4.364154603,7.07
12/3/14,4.198845717,1.54
12/4/14,4.099660385,2.66
12/5/14,3.978433868,1.68
12/6/14,3.945372091,1.4
12/7/14,3.846186759,2.17
12/8/14,3.802104389,0
12/9/14,3.769042612,0
12/10/14,3.769042612,3.26
12/11/14,3.769042612,2.36
12/12/14,3.735980835,3.9
12/13/14,3.702919057,2.78
12/14/14,3.691898465,0
12/15/14,3.691898465,1.17
12/16/14,3.658836688,0.24
12/17/14,3.636795503,0.44
12/18/14,3.592713133,0.35
12/19/14,3.603733725,1.14
12/20/14,3.934351498,3.75
12/21/14,4.727834154,33.38
12/22/14,5.289884368,21.89
12/23/14,6.094387615,1.13
12/24/14,6.061325838,0.06
12/25/14,5.455193254,5.53
12/26/14,5.025390149,0.05
12/27/14,4.804978301,0
12/28/14,4.672731191,0.82
12/29/14,4.518442897,3.94
12/30/14,4.298031049,11.26
12/31/14,4.066598608,0
1/1/15,4.000475053,0
1/2/15,3.967413276,0
1/3/15,3.912310314,0
1/4/15,3.868227944,0.01
1/5/15,3.846186759,0.02
1/6/15,3.802104389,0
1/7/15,3.758022019,0
1/8/15,3.758022019,0
1/9/15,3.71393965,0
1/10/15,3.702919057,0
1/11/15,3.66985728,0
1/12/15,3.636795503,3.3
1/13/15,3.548630763,1.48
1/14/15,3.548630763,0
1/15/15,3.559651356,0
1/16/15,3.680877872,4.47
1/17/15,3.791083797,6.5
1/18/15,4.000475053,14.16
1/19/15,3.934351498,2.6
1/20/15,4.055578015,0.04
1/21/15,4.12170157,0
1/22/15,4.110680977,0
1/23/15,4.055578015,0
1/24/15,3.978433868,0
1/25/15,3.912310314,0
1/26/15,3.868227944,0
1/27/15,3.824145574,0
1/28/15,3.780063204,0
1/29/15,3.747001427,0
1/30/15,3.702919057,0
1/31/15,3.691898465,0
2/1/15,3.66985728,0
2/2/15,3.758022019,3.67
2/3/15,3.802104389,7.36
2/4/15,3.780063204,10.26
2/5/15,3.769042612,0
2/6/15,3.835166166,2.66
2/7/15,4.011495645,25.11
2/8/15,4.03353683,11.47
2/9/15,4.176804532,2.73
2/10/15,4.331092826,2.53
2/11/15,4.375175196,0
2/12/15,4.364154603,0
2/13/15,4.320072234,0
2/14/15,4.231907494,0
2/15/15,4.143742755,0
2/16/15,4.0776192,0
2/17/15,4.011495645,0
2/18/15,3.956392683,0
2/19/15,3.857207351,0
2/20/15,3.857207351,0
2/21/15,3.824145574,0
2/22/15,3.802104389,0
2/23/15,3.758022019,0
2/24/15,3.758022019,0
2/25/15,3.735980835,0
2/26/15,3.735980835,0
2/27/15,3.758022019,1.07
2/28/15,3.758022019,7.51
3/1/15,3.71393965,0.12
3/2/15,3.702919057,0
3/3/15,3.691898465,0
3/4/15,3.66985728,0
3/5/15,3.647816095,0
3/6/15,3.647816095,0
3/7/15,3.636795503,0
3/8/15,3.614754318,0
3/9/15,3.603733725,0
3/10/15,3.592713133,0
3/11/15,3.592713133,0
3/12/15,3.592713133,1.65
3/13/15,3.592713133,0
3/14/15,3.603733725,0
3/15/15,3.702919057,9.95
3/16/15,3.66985728,4.11
3/17/15,3.647816095,0
3/18/15,3.62577491,0
3/19/15,3.636795503,0
3/20/15,3.614754318,0
3/21/15,3.603733725,0
3/22/15,3.592713133,0.92
3/23/15,3.636795503,1.56
3/24/15,3.691898465,5.61
3/25/15,3.636795503,0
3/26/15,3.614754318,0
3/27/15,3.614754318,0
3/28/15,3.62577491,0
3/29/15,3.614754318,0.01
3/30/15,3.603733725,0
3/31/15,3.62577491,0
4/1/15,3.647816095,2.97
4/2/15,3.62577491,0.88
4/3/15,3.592713133,0
4/4/15,3.614754318,0.02
4/5/15,3.614754318,0
4/6/15,3.647816095,2.65
4/7/15,3.66985728,2.02
4/8/15,3.66985728,4.2
4/9/15,3.647816095,0.11
4/10/15,3.636795503,0
4/11/15,3.636795503,0
4/12/15,3.62577491,0.11
4/13/15,3.614754318,0
4/14/15,3.62577491,0.04
4/15/15,3.592713133,0.07
4/16/15,3.592713133,0
4/17/15,3.592713133,0
4/18/15,3.592713133,0
4/19/15,3.592713133,0
4/20/15,3.592713133,0
4/21/15,3.581692541,0
4/22/15,3.548630763,0
4/23/15,3.548630763,0
4/24/15,3.548630763,0.08
4/25/15,3.548630763,0.06
4/26/15,3.537610171,0.03
4/27/15,3.537610171,0
4/28/15,3.548630763,0
4/29/15,3.526589578,0
4/30/15,3.504548394,0
5/1/15,3.526589578,0
5/2/15,3.504548394,0
5/3/15,3.493527801,0
5/4/15,3.482507209,0
5/5/15,3.482507209,0
5/6/15,3.471486616,0
5/7/15,3.471486616,0.39
5/8/15,3.471486616,0
5/9/15,3.460466024,0
5/10/15,3.460466024,0
5/11/15,3.482507209,0.02
5/12/15,3.482507209,8.97
5/13/15,3.460466024,0.5
5/14/15,3.449445431,0
5/15/15,3.460466024,0.47
5/16/15,3.427404246,0
5/17/15,3.427404246,0
5/18/15,3.427404246,1.12
5/19/15,3.438424839,1.88
5/20/15,3.460466024,0.11
5/21/15,3.504548394,5.69
5/22/15,3.537610171,7.27
5/23/15,3.482507209,5.53
5/24/15,3.471486616,0
5/25/15,3.438424839,0
5/26/15,3.427404246,0
5/27/15,3.427404246,0
5/28/15,3.427404246,0
5/29/15,3.427404246,0
5/30/15,3.427404246,0.58
5/31/15,3.427404246,0
6/1/15,3.438424839,0
6/2/15,3.427404246,0.59
6/3/15,3.427404246,0
6/4/15,3.405363062,0
6/5/15,3.394342469,0
6/6/15,3.405363062,0
6/7/15,3.405363062,0
6/8/15,3.405363062,0
6/9/15,3.416383654,0
6/10/15,3.394342469,0
6/11/15,3.361280692,0
6/12/15,3.339239507,0
6/13/15,3.328218915,0
6/14/15,3.339239507,0
6/15/15,3.350260099,0
6/16/15,3.361280692,0
6/17/15,3.361280692,0
6/18/15,3.361280692,0
6/19/15,3.339239507,0
6/20/15,3.339239507,0
6/21/15,3.350260099,0
6/22/15,3.328218915,0
6/23/15,3.317198322,0
6/24/15,3.328218915,0
6/25/15,3.328218915,0
6/26/15,3.328218915,0
6/27/15,3.361280692,0
6/28/15,3.339239507,0
6/29/15,3.339239507,0
6/30/15,3.317198322,0
7/1/15,3.317198322,0
7/2/15,3.317198322,0
7/3/15,3.30617773,0
7/4/15,3.284136545,0
7/5/15,3.284136545,0
7/6/15,3.284136545,0
7/7/15,3.295157137,0.6
7/8/15,3.284136545,0
7/9/15,3.30617773,1.8
7/10/15,3.317198322,1.03
7/11/15,3.284136545,4.81
7/12/15,3.26209536,0
7/13/15,3.273115952,0.57
7/14/15,3.284136545,0.79
7/15/15,3.284136545,0
7/16/15,3.284136545,0
7/17/15,3.26209536,0
7/18/15,3.273115952,0
7/19/15,3.273115952,0
7/20/15,3.26209536,0
7/21/15,3.26209536,0
7/22/15,3.251074768,0
7/23/15,3.240054175,0
7/24/15,3.206992398,0
7/25/15,3.229033583,0
7/26/15,3.251074768,0
7/27/15,3.240054175,0
7/28/15,3.251074768,0
7/29/15,3.240054175,0
7/30/15,3.251074768,0
7/31/15,3.251074768,0
8/1/15,3.251074768,0
8/2/15,3.251074768,0
8/3/15,3.229033583,0
8/4/15,3.21801299,0.01
8/5/15,3.206992398,0
8/6/15,3.206992398,0
8/7/15,3.206992398,0
8/8/15,3.21801299,0
8/9/15,3.21801299,0
8/10/15,3.229033583,0
8/11/15,3.26209536,2.47
8/12/15,3.240054175,0
8/13/15,3.240054175,0
8/14/15,3.240054175,0
8/15/15,3.206992398,0
8/16/15,3.206992398,0
8/17/15,3.21801299,0
8/18/15,3.21801299,0
8/19/15,3.240054175,0
8/20/15,3.229033583,0
8/21/15,3.251074768,0
8/22/15,3.251074768,0
8/23/15,3.26209536,0
8/24/15,3.26209536,0
8/25/15,3.26209536,0
8/26/15,3.26209536,0
8/27/15,3.21801299,0
8/28/15,3.206992398,0
8/29/15,3.229033583,0.01
8/30/15,3.251074768,5.34
8/31/15,3.251074768,4.35
9/1/15,3.206992398,0
9/2/15,3.21801299,0
9/3/15,3.21801299,0.86
9/4/15,3.240054175,0.59
9/5/15,3.251074768,4.2
9/6/15,3.229033583,0
9/7/15,3.21801299,0
9/8/15,3.206992398,0
9/9/15,3.21801299,0
9/10/15,3.21801299,0
9/11/15,3.21801299,0
9/12/15,3.229033583,0
9/13/15,3.21801299,0
9/14/15,3.206992398,0
9/15/15,3.206992398,0.44
9/16/15,3.21801299,0.79
9/17/15,3.295157137,2.2
9/18/15,3.284136545,11.04
9/19/15,3.26209536,0
9/20/15,3.251074768,0
9/21/15,3.229033583,0
9/22/15,3.206992398,0
9/23/15,3.206992398,0
9/24/15,3.206992398,0
9/25/15,3.206992398,0
9/26/15,3.206992398,0
9/27/15,3.195971805,0
9/28/15,3.184951213,0
9/29/15,3.184951213,0
9/30/15,3.173930621,0
10/1/15,3.173930621,0
10/2/15,3.162910028,0.62
10/3/15,3.162910028,0
10/4/15,3.162910028,0.07
10/5/15,3.151889436,0
10/6/15,3.151889436,0
10/7/15,3.151889436,0
10/8/15,3.151889436,0
10/9/15,3.151889436,0
10/10/15,3.162910028,0
10/11/15,3.195971805,3.08
10/12/15,3.173930621,0
10/13/15,3.151889436,0
10/14/15,3.151889436,0
10/15/15,3.151889436,0
10/16/15,3.151889436,0
10/17/15,3.173930621,0.61
10/18/15,3.162910028,7.16
10/19/15,3.151889436,1.33
10/20/15,3.140868843,0.04
10/21/15,3.140868843,0.91
10/22/15,3.129848251,0
10/23/15,3.129848251,0
10/24/15,3.140868843,0
10/25/15,3.162910028,0
10/26/15,3.184951213,7.53
10/27/15,3.151889436,0.1
10/28/15,3.162910028,1.8
10/29/15,3.162910028,1.03
10/30/15,3.184951213,0.08
10/31/15,3.206992398,0.75
11/1/15,3.30617773,16
11/2/15,3.251074768,2.1
11/3/15,3.184951213,0.3
11/4/15,3.151889436,1
11/5/15,3.129848251,0
11/6/15,3.096786474,0
11/7/15,3.107807066,0
11/8/15,3.107807066,2.4
11/9/15,3.107807066,2.01
11/10/15,3.096786474,0
11/11/15,3.096786474,0
11/12/15,3.096786474,0.06
11/13/15,3.096786474,0
11/14/15,3.096786474,0
11/15/15,3.096786474,0.08
11/16/15,3.096786474,0.37
11/17/15,3.173930621,1.54
11/18/15,3.229033583,4.96
11/19/15,3.328218915,6.35
11/20/15,3.240054175,8.75
11/21/15,3.162910028,0.82
11/22/15,3.151889436,0
11/23/15,3.129848251,0
11/24/15,3.151889436,0.01
11/25/15,3.140868843,17.94
11/26/15,3.096786474,0.9
11/27/15,3.096786474,0
11/28/15,3.096786474,0
11/29/15,3.085765881,0
11/30/15,3.085765881,0
12/1/15,3.085765881,0.41
12/2/15,3.129848251,2.27
12/3/15,3.151889436,1.88
12/4/15,3.140868843,2.85
12/5/15,3.096786474,0.2
12/6/15,3.118827658,0.92
12/7/15,3.504548394,5.74
12/8/15,3.493527801,27.16
12/9/15,3.471486616,6.54
12/10/15,3.493527801,15.91
12/11/15,3.504548394,7.27
12/12/15,3.702919057,1.59
12/13/15,3.923330906,20.95
12/14/15,3.702919057,5.05
12/15/15,3.548630763,0.14
12/16/15,3.460466024,0.02
12/17/15,3.62577491,12.7
12/18/15,3.824145574,23.24
12/19/15,3.724960242,3.45
12/20/15,3.901289721,1.45
12/21/15,4.176804532,7.78
12/22/15,4.231907494,13.71
12/23/15,4.12170157,9.95
12/24/15,3.967413276,6.14
12/25/15,3.802104389,1.19
12/26/15,3.66985728,0
12/27/15,3.614754318,0.42
12/28/15,3.548630763,0.13
12/29/15,3.449445431,0.02
12/30/15,3.405363062,0
12/31/15,3.383321877,0
1/1/16,3.361280692,0
1/2/16,3.339239507,0
1/3/16,3.328218915,0.88
1/4/16,3.295157137,0.02
1/5/16,3.295157137,1.07
1/6/16,3.30617773,0.07
1/7/16,3.26209536,1.06
1/8/16,3.251074768,0
1/9/16,3.229033583,0
1/10/16,3.206992398,0.43
1/11/16,3.206992398,0.63
1/12/16,3.251074768,0.03
1/13/16,3.26209536,10.18
1/14/16,3.251074768,2.95
1/15/16,3.21801299,4.79
1/16/16,3.295157137,1.19
1/17/16,3.328218915,7.29
1/18/16,3.30617773,3.82
1/19/16,3.383321877,0.72
1/20/16,3.449445431,18.03
1/21/16,3.394342469,0.38
1/22/16,3.372301284,0
1/23/16,3.372301284,1.33
1/24/16,3.350260099,1.17
1/25/16,3.317198322,0.01
1/26/16,3.317198322,0
1/27/16,3.295157137,0.05
1/28/16,3.383321877,0.22
1/29/16,3.515568986,10.42
1/30/16,3.537610171,17.09
1/31/16,3.537610171,1.38
2/1/16,3.526589578,0.08
2/2/16,3.504548394,0
2/3/16,3.482507209,0
2/4/16,3.515568986,0.4
2/5/16,3.471486616,0.21
2/6/16,3.449445431,0.02
2/7/16,3.427404246,0
2/8/16,3.383321877,0
2/9/16,3.383321877,0
2/10/16,3.416383654,0
2/11/16,3.394342469,0
2/12/16,3.372301284,0.02
2/13/16,3.405363062,0.41
2/14/16,3.537610171,1.41
2/15/16,3.592713133,0.94
2/16/16,3.735980835,0
2/17/16,4.044557423,1.15
2/18/16,4.298031049,1.65
2/19/16,4.408236973,12.93
2/20/16,4.287010456,5.69
2/21/16,4.187825124,0
2/22/16,4.066598608,0.08
2/23/16,3.923330906,0
2/24/16,3.791083797,0
2/25/16,3.724960242,0
2/26/16,3.680877872,0
2/27/16,3.691898465,4.07
2/28/16,3.647816095,0.39
2/29/16,3.62577491,0.43
3/1/16,3.691898465,2.33
3/2/16,3.724960242,2.96
3/3/16,3.71393965,0.06
3/4/16,3.71393965,1.31
3/5/16,3.780063204,0.37
3/6/16,3.835166166,9.18
3/7/16,3.835166166,3.73
3/8/16,3.857207351,0.01
3/9/16,3.912310314,1.09
3/10/16,3.956392683,5.03
3/11/16,3.901289721,3.49
3/12/16,3.967413276,1.73
3/13/16,4.066598608,7.96
3/14/16,4.187825124,12.77
3/15/16,4.143742755,8.43
3/16/16,4.03353683,0.15
3/17/16,3.945372091,0
3/18/16,3.890269129,0
3/19/16,3.868227944,0
3/20/16,3.835166166,0
3/21/16,3.824145574,2.01
3/22/16,3.791083797,2.71
3/23/16,3.758022019,0.38
3/24/16,3.780063204,0.05
3/25/16,3.724960242,0.04
3/26/16,3.747001427,0
3/27/16,3.769042612,0.51
3/28/16,3.747001427,0.63
3/29/16,3.71393965,0
3/30/16,3.702919057,0
3/31/16,3.658836688,0
4/1/16,3.647816095,0
4/2/16,3.636795503,0
4/3/16,3.62577491,0
4/4/16,3.680877872,0.01
4/5/16,3.702919057,0.08
4/6/16,3.747001427,0
4/7/16,3.758022019,0
4/8/16,3.758022019,0
4/9/16,3.758022019,0
4/10/16,3.791083797,0
4/11/16,3.813124982,0
4/12/16,3.879248536,0.02
4/13/16,3.945372091,0.73
4/14/16,4.022516238,0.57
4/15/16,4.000475053,11.06
4/16/16,3.890269129,0
4/17/16,3.813124982,0
4/18/16,3.747001427,0
4/19/16,3.680877872,0
4/20/16,3.603733725,0
4/21/16,3.603733725,1.21
4/22/16,3.603733725,0
4/23/16,3.592713133,2.77
4/24/16,3.62577491,0.12
4/25/16,3.614754318,0.11
4/26/16,3.592713133,0
4/27/16,3.592713133,0.34
4/28/16,3.537610171,0
4/29/16,3.482507209,0
4/30/16,3.416383654,0
5/1/16,3.383321877,0
5/2/16,3.361280692,0
5/3/16,3.328218915,0
5/4/16,3.328218915,0.38
5/5/16,3.317198322,3.9
5/6/16,3.26209536,1.39
5/7/16,3.26209536,0
5/8/16,3.26209536,0
5/9/16,3.21801299,0.77
5/10/16,3.195971805,0
5/11/16,3.184951213,0
5/12/16,3.184951213,0
5/13/16,3.162910028,0
5/14/16,3.173930621,0
5/15/16,3.151889436,3.04
5/16/16,3.151889436,2.98
5/17/16,3.107807066,0
5/18/16,3.096786474,0
5/19/16,3.096786474,0
5/20/16,3.096786474,0.05
5/21/16,3.107807066,6.17
5/22/16,3.096786474,3
5/23/16,3.074745289,0.07
5/24/16,3.063724696,0.01
5/25/16,3.052704104,0.19
5/26/16,3.041683511,0
5/27/16,3.019642326,0
5/28/16,2.997601142,0
5/29/16,2.997601142,0
5/30/16,2.997601142,0
5/31/16,2.997601142,0
6/1/16,2.997601142,0
6/2/16,2.997601142,0
6/3/16,2.964539364,0
6/4/16,2.942498179,0
6/5/16,2.953518772,0
6/6/16,2.986580549,0
6/7/16,2.964539364,0
6/8/16,2.953518772,0
6/9/16,2.942498179,0
6/10/16,2.931477587,0.04
6/11/16,2.942498179,0.86
6/12/16,2.942498179,0
6/13/16,2.942498179,0
6/14/16,2.942498179,1.25
6/15/16,2.953518772,0.77
6/16/16,2.942498179,0.71
6/17/16,2.953518772,1.41
6/18/16,2.986580549,8.07
6/19/16,2.986580549,2.67
6/20/16,2.953518772,0
6/21/16,2.942498179,0
6/22/16,2.942498179,0
6/23/16,2.931477587,0
6/24/16,2.89841581,0.2
6/25/16,2.887395217,0
6/26/16,2.887395217,0
6/27/16,2.89841581,0
6/28/16,2.887395217,0
6/29/16,2.887395217,0
6/30/16,2.876374625,0
7/1/16,2.876374625,0
7/2/16,2.865354032,0
7/3/16,2.85433344,0
7/4/16,2.832292255,0
7/5/16,2.832292255,0
7/6/16,2.832292255,0
7/7/16,2.832292255,0
7/8/16,2.843312848,0.73
7/9/16,2.843312848,1.33
7/10/16,2.832292255,0.03
7/11/16,2.832292255,0.03
7/12/16,2.832292255,0
7/13/16,2.821271663,0
7/14/16,2.821271663,0
7/15/16,2.832292255,0
7/16/16,2.821271663,0
7/17/16,2.832292255,0
7/18/16,2.821271663,1
7/19/16,2.799230478,0
7/20/16,2.81025107,0
7/21/16,2.821271663,0
7/22/16,2.799230478,0
7/23/16,2.777189293,0
7/24/16,2.788209885,0
7/25/16,2.788209885,0
7/26/16,2.788209885,0
7/27/16,2.777189293,0
7/28/16,2.777189293,0
7/29/16,2.777189293,0
7/30/16,2.777189293,0
7/31/16,2.755148108,0
8/1/16,2.755148108,0
8/2/16,2.766168701,0
8/3/16,2.744127516,0
8/4/16,2.766168701,0
8/5/16,2.766168701,0
8/6/16,2.766168701,0
8/7/16,2.755148108,0
8/8/16,2.755148108,0
8/9/16,2.777189293,1.89
8/10/16,2.777189293,0
8/11/16,2.788209885,0
8/12/16,2.788209885,0
8/13/16,2.788209885,0
8/14/16,2.788209885,0
8/15/16,2.766168701,0
8/16/16,2.755148108,0
8/17/16,2.766168701,0
8/18/16,2.744127516,0
8/19/16,2.744127516,0
8/20/16,2.744127516,0
8/21/16,2.744127516,0
8/22/16,2.744127516,0
8/23/16,2.733106923,0
8/24/16,2.733106923,0
8/25/16,2.733106923,0
8/26/16,2.733106923,0
8/27/16,2.744127516,0
8/28/16,2.722086331,0
8/29/16,2.711065738,0
8/30/16,2.711065738,0
8/31/16,2.722086331,0
9/1/16,2.722086331,0
9/2/16,2.733106923,0.07
9/3/16,2.744127516,0.01
9/4/16,2.744127516,0
9/5/16,2.722086331,0
9/6/16,2.722086331,0
9/7/16,2.722086331,0.29
9/8/16,2.711065738,0
9/9/16,2.711065738,0
9/10/16,2.722086331,0
9/11/16,2.733106923,0
9/12/16,2.711065738,0
9/13/16,2.722086331,0
9/14/16,2.722086331,0
9/15/16,2.722086331,0
9/16/16,2.722086331,0
9/17/16,2.744127516,0
9/18/16,2.766168701,1.48
9/19/16,2.766168701,0.65
9/20/16,2.744127516,0
9/21/16,2.722086331,0
9/22/16,2.722086331,0.05
9/23/16,2.722086331,0
9/24/16,2.722086331,0.2
9/25/16,2.733106923,0
9/26/16,2.733106923,0
9/27/16,2.733106923,0
9/28/16,2.733106923,0
9/29/16,2.722086331,0
9/30/16,2.722086331,0
10/1/16,2.700045146,0
10/2/16,2.733106923,0.07
10/3/16,2.744127516,0.05
10/4/16,2.766168701,2.67
10/5/16,2.821271663,1.01
10/6/16,2.843312848,4.24
10/7/16,2.843312848,2.36
10/8/16,2.843312848,0.4
10/9/16,2.81025107,0
10/10/16,2.821271663,0.11
10/11/16,2.821271663,0.2
10/12/16,2.821271663,0
10/13/16,2.876374625,2.57
10/14/16,3.074745289,37.51
10/15/16,3.118827658,15.8
10/16/16,3.173930621,31.95
10/17/16,3.184951213,15.14
10/18/16,3.151889436,8.83
10/19/16,3.008621734,0.58
10/20/16,2.986580549,2.46
10/21/16,2.997601142,2.18
10/22/16,2.986580549,0.4
10/23/16,2.986580549,0
10/24/16,3.019642326,0
10/25/16,3.008621734,0.21
10/26/16,3.085765881,10.75
10/27/16,3.074745289,2.4
10/28/16,3.030662919,4.5
10/29/16,3.019642326,4.05
10/30/16,3.019642326,7.67
10/31/16,3.030662919,4.57
11/1/16,2.997601142,0.63
11/2/16,2.964539364,0
11/3/16,2.953518772,0.72
11/4/16,2.953518772,0
11/5/16,2.953518772,0
11/6/16,2.953518772,0.46
11/7/16,2.920456995,0
11/8/16,2.89841581,0.44
11/9/16,2.89841581,0
11/10/16,2.887395217,0
11/11/16,2.887395217,0
11/12/16,2.887395217,0
11/13/16,2.876374625,0.02
11/14/16,2.942498179,0.17
11/15/16,3.030662919,13.46
11/16/16,2.986580549,2.49
11/17/16,2.942498179,0.02
11/18/16,2.942498179,0
11/19/16,2.964539364,4.55
11/20/16,2.964539364,3.18
11/21/16,2.964539364,0.28
11/22/16,2.931477587,0.02
11/23/16,2.953518772,1.51
11/24/16,2.942498179,0.12
11/25/16,2.942498179,0.79
11/26/16,2.953518772,1.55
11/27/16,2.964539364,1.41
11/28/16,3.008621734,7.13
11/29/16,2.975559957,0.19
11/30/16,2.953518772,0.86
12/1/16,2.942498179,0.23
12/2/16,2.89841581,0
12/3/16,2.887395217,2.23
12/4/16,2.975559957,0.11
12/5/16,2.942498179,7.25
12/6/16,2.931477587,2.34
12/7/16,2.887395217,3.35
12/8/16,2.931477587,0.06
12/9/16,3.008621734,19.39
12/10/16,3.019642326,2.84
12/11/16,2.986580549,0.48
12/12/16,2.964539364,2.06
12/13/16,2.920456995,0.02
12/14/16,2.887395217,1.87
12/15/16,2.997601142,24.85
12/16/16,2.942498179,0.01
12/17/16,2.85433344,0
12/18/16,2.81025107,0.19
12/19/16,2.81025107,0
12/20/16,3.162910028,9.74
12/21/16,3.030662919,0.27
12/22/16,2.953518772,0
12/23/16,2.953518772,0.14
12/24/16,2.953518772,3.98
12/25/16,2.920456995,0
12/26/16,2.89841581,0
12/27/16,2.975559957,0.14
12/28/16,2.975559957,6.84
12/29/16,2.89841581,0
12/30/16,2.865354032,0
12/31/16,2.832292255,0.43
1/1/17,2.865354032,3.13
1/2/17,2.887395217,6.61
1/3/17,2.85433344,3.24
1/4/17,2.865354032,6.15
1/5/17,2.81025107,3.35
1/6/17,2.678003961,0
1/7/17,2.755148108,0
1/8/17,2.865354032,18.78
1/9/17,2.997601142,18.13
1/10/17,2.920456995,4.27
1/11/17,2.931477587,18.9
1/12/17,2.843312848,1.41
1/13/17,2.777189293,0
1/14/17,2.766168701,0
1/15/17,2.744127516,0
1/16/17,2.733106923,0
1/17/17,2.744127516,0
1/18/17,2.876374625,8.79
1/19/17,2.832292255,11.56
1/20/17,2.81025107,0.01
1/21/17,2.832292255,1.9
1/22/17,2.85433344,3.19
1/23/17,2.81025107,0.12
1/24/17,2.788209885,0
1/25/17,2.755148108,0
1/26/17,2.744127516,0
1/27/17,2.711065738,0
1/28/17,2.700045146,0.08
1/29/17,2.689024554,0
1/30/17,2.689024554,0
1/31/17,2.689024554,0.97
2/1/17,2.689024554,2.63
2/2/17,2.689024554,1.46
2/3/17,2.700045146,0.23
2/4/17,2.81025107,9.71
2/5/17,2.887395217,4.69
2/6/17,2.876374625,2.37
2/7/17,2.920456995,4.8
2/8/17,2.975559957,11.55
2/9/17,3.162910028,18.85
2/10/17,3.317198322,18.58
2/11/17,3.361280692,0.25
2/12/17,3.460466024,0
2/13/17,3.504548394,0
2/14/17,3.493527801,0
2/15/17,3.482507209,1.93
2/16/17,3.482507209,7.61
2/17/17,3.460466024,3.61
2/18/17,3.504548394,2.35
2/19/17,3.548630763,1.91
2/20/17,3.581692541,8.21
2/21/17,3.614754318,12.05
2/22/17,3.515568986,4.04
2/23/17,3.405363062,0.01
2/24/17,3.339239507,0
2/25/17,3.284136545,0.47
2/26/17,3.251074768,0
2/27/17,3.206992398,0.18
2/28/17,3.151889436,3.92
3/1/17,3.107807066,0.17
3/2/17,3.074745289,0
3/3/17,3.063724696,0
3/4/17,3.096786474,1.34
3/5/17,3.085765881,2.67
3/6/17,3.096786474,3.87
3/7/17,3.096786474,8.47
3/8/17,3.229033583,8.93
3/9/17,3.361280692,2.07
3/10/17,3.592713133,1.65
3/11/17,3.879248536,0
3/12/17,4.242928086,0.27
3/13/17,4.496401712,0
3/14/17,4.584566452,1.11
3/15/17,4.926204817,0
3/16/17,5.444172662,2.06
3/17/17,5.554378586,0
3/18/17,5.763769842,6.63
3/19/17,5.951119914,2.76
3/20/17,5.851934582,2.38
3/21/17,5.587440363,1.38
3/22/17,5.378049107,3.95
3/23/17,5.124575481,0.04
3/24/17,5.179678443,4.44
3/25/17,5.036410742,4.61
3/26/17,4.959266595,0.08
3/27/17,4.970287187,6.43
3/28/17,4.705792969,0.13
3/29/17,4.738854746,2.71
3/30/17,4.926204817,4.48
3/31/17,4.871101855,0
4/1/17,4.860081263,0
4/2/17,4.782937116,0
4/3/17,4.694772376,0
4/4/17,4.617628229,0
4/5/17,4.52946349,2.15
4/6/17,4.430278158,0.06
4/7/17,4.353134011,5.3
4/8/17,4.342113418,0.03
4/9/17,4.331092826,0.07
4/10/17,4.275989864,3.37
4/11/17,4.187825124,0.02
4/12/17,4.187825124,7.04
4/13/17,4.055578015,0.13
4/14/17,3.967413276,0.1
4/15/17,3.890269129,0.11
4/16/17,3.802104389,0
4/17/17,3.724960242,3.78
4/18/17,3.857207351,4.82
4/19/17,3.813124982,0.25
4/20/17,3.824145574,2.4
4/21/17,3.813124982,0.06
4/22/17,3.824145574,0
4/23/17,3.835166166,0.06
4/24/17,3.956392683,0.49
4/25/17,4.055578015,5.27
4/26/17,4.154763347,1.85
4/27/17,4.176804532,0.29
4/28/17,4.220886902,0.1
4/29/17,4.165783939,0
4/30/17,4.132722162,2.8
5/1/17,4.066598608,0.29
5/2/17,4.044557423,0.57
5/3/17,4.044557423,0
5/4/17,4.066598608,0
5/5/17,4.176804532,1.53
5/6/17,4.264969271,0.1
5/7/17,4.386195788,0
5/8/17,4.342113418,0
5/9/17,4.242928086,0
5/10/17,4.12170157,0
5/11/17,4.022516238,0.41
5/12/17,4.000475053,0.28
5/13/17,4.000475053,0.12
5/14/17,3.956392683,0.25
5/15/17,3.857207351,0.45
5/16/17,3.824145574,3.4
5/17/17,3.780063204,2.72
5/18/17,3.71393965,1.04
5/19/17,3.71393965,0
5/20/17,3.66985728,0
5/21/17,3.614754318,0
5/22/17,3.581692541,0
5/23/17,3.537610171,0
5/24/17,3.570671948,0
5/25/17,3.592713133,0
5/26/17,3.614754318,0
5/27/17,3.592713133,0
5/28/17,3.537610171,0
5/29/17,3.493527801,0
5/30/17,3.460466024,0
5/31/17,3.372301284,0.01
6/1/17,3.394342469,0
6/2/17,3.383321877,0
6/3/17,3.350260099,0
6/4/17,3.317198322,0
6/5/17,3.26209536,0
6/6/17,3.184951213,0
6/7/17,3.240054175,0
6/8/17,3.251074768,4.47
6/9/17,3.240054175,5.53
6/10/17,3.240054175,0.47
6/11/17,3.206992398,1.18
6/12/17,3.206992398,0.67
6/13/17,3.184951213,0.03
6/14/17,3.173930621,0
6/15/17,3.184951213,1.09
6/16/17,3.173930621,2.29
6/17/17,3.140868843,0.89
6/18/17,3.129848251,0
6/19/17,3.107807066,0
6/20/17,3.085765881,0
6/21/17,3.063724696,0
6/22/17,3.041683511,0
6/23/17,3.052704104,0
6/24/17,3.052704104,0
6/25/17,3.052704104,0
6/26/17,3.052704104,1.76
6/27/17,3.074745289,0
6/28/17,3.074745289,0
6/29/17,3.052704104,0
6/30/17,3.052704104,0
7/1/17,3.052704104,0
7/2/17,2.997601142,0
7/3/17,2.975559957,0
7/4/17,2.953518772,0
7/5/17,2.942498179,0
7/6/17,2.931477587,0
7/7/17,2.920456995,0
7/8/17,2.909436402,0
7/9/17,2.909436402,0
7/10/17,2.89841581,0
7/11/17,2.89841581,0
7/12/17,2.89841581,0
7/13/17,2.887395217,0
7/14/17,2.876374625,0
7/15/17,2.887395217,0
7/16/17,2.876374625,0
7/17/17,2.876374625,0
7/18/17,2.876374625,0
7/19/17,2.865354032,0
7/20/17,2.843312848,0
7/21/17,2.85433344,0
7/22/17,2.865354032,0
7/23/17,2.887395217,0
7/24/17,2.876374625,0
7/25/17,2.876374625,0
7/26/17,2.887395217,0
7/27/17,2.887395217,0
7/28/17,2.887395217,0
7/29/17,2.876374625,0
7/30/17,2.865354032,0
7/31/17,2.865354032,0
8/1/17,2.876374625,0
8/2/17,2.876374625,0
8/3/17,2.887395217,0
8/4/17,2.887395217,0
8/5/17,2.865354032,0
8/6/17,2.85433344,0
8/7/17,2.85433344,0
8/8/17,2.865354032,0
8/9/17,2.876374625,0
8/10/17,2.865354032,0
8/11/17,2.85433344,0.65
8/12/17,2.865354032,0.49
8/13/17,2.85433344,0
8/14/17,2.85433344,0.06
8/15/17,2.865354032,0
8/16/17,2.865354032,0
8/17/17,2.865354032,0
8/18/17,2.85433344,0
8/19/17,2.865354032,0
8/20/17,2.865354032,0
8/21/17,2.887395217,0
8/22/17,2.887395217,0
8/23/17,2.909436402,0
8/24/17,2.909436402,0
8/25/17,2.89841581,0
8/26/17,2.89841581,0
8/27/17,2.909436402,0
8/28/17,2.920456995,0
8/29/17,2.920456995,0
8/30/17,2.89841581,0
8/31/17,2.865354032,0
9/1/17,2.876374625,0
9/2/17,2.89841581,0
9/3/17,2.89841581,0
9/4/17,2.887395217,0
9/5/17,2.887395217,0
9/6/17,2.909436402,0
9/7/17,2.931477587,0
9/8/17,2.931477587,1.32
9/9/17,2.920456995,0
9/10/17,2.909436402,0
9/11/17,2.909436402,0
9/12/17,2.920456995,0
9/13/17,2.920456995,0
9/14/17,2.89841581,0
9/15/17,2.89841581,0
9/16/17,2.931477587,0
9/17/17,2.931477587,0
9/18/17,2.964539364,0.32
9/19/17,3.151889436,8.27
9/20/17,3.195971805,19.99
9/21/17,3.129848251,12.07
9/22/17,3.052704104,1.14
9/23/17,2.997601142,0.02
9/24/17,2.986580549,0
9/25/17,2.986580549,0
9/26/17,2.975559957,0.36
9/27/17,2.975559957,0
9/28/17,2.975559957,0
9/29/17,2.986580549,0
9/30/17,2.975559957,0.01
10/1/17,2.986580549,0.05
10/2/17,2.964539364,0.02
10/3/17,2.975559957,0
10/4/17,2.986580549,0
10/5/17,2.986580549,0
10/6/17,2.975559957,0
10/7/17,2.964539364,0
10/8/17,2.975559957,0.23
10/9/17,2.964539364,0.01
10/10/17,2.975559957,0
10/11/17,2.975559957,0.04
10/12/17,3.030662919,0.2
10/13/17,3.129848251,13.21
10/14/17,3.052704104,2.98
10/15/17,3.030662919,1.68
10/16/17,2.997601142,0.8
10/17/17,2.997601142,0.7
10/18/17,2.986580549,1.02
10/19/17,3.008621734,0
10/20/17,3.096786474,1.06
10/21/17,3.195971805,3.29
10/22/17,3.438424839,23.5
10/23/17,3.251074768,16.44
10/24/17,3.173930621,0.69
10/25/17,3.151889436,0
10/26/17,3.140868843,0
10/27/17,3.151889436,0
10/28/17,3.151889436,0
10/29/17,3.129848251,0
10/30/17,3.063724696,0
10/31/17,3.052704104,0
11/1/17,3.041683511,0
11/2/17,3.030662919,0
11/3/17,3.052704104,0.26
11/4/17,3.052704104,0.1
11/5/17,3.085765881,0.47
11/6/17,3.074745289,2.06
11/7/17,3.041683511,0
11/8/17,3.052704104,2.19
11/9/17,3.096786474,8.44
11/10/17,3.151889436,3.54
11/11/17,3.096786474,3.07
11/12/17,3.063724696,0
11/13/17,3.140868843,2.73
11/14/17,3.184951213,2.15
11/15/17,3.140868843,0.02
11/16/17,3.162910028,5.03
11/17/17,3.162910028,0.45
11/18/17,3.129848251,0.09
11/19/17,3.107807066,0
11/20/17,3.206992398,5.66
11/21/17,3.240054175,14.97
11/22/17,3.206992398,5.58
11/23/17,3.405363062,2.91
11/24/17,3.62577491,10.19
11/25/17,4.231907494,0
11/26/17,4.386195788,1.58
11/27/17,4.242928086,2.06
11/28/17,4.187825124,0
11/29/17,4.088639792,1.68
11/30/17,3.956392683,0
12/1/17,3.835166166,0.02
12/2/17,3.691898465,0
12/3/17,3.603733725,0.15
12/4/17,3.537610171,0.04
12/5/17,3.493527801,0
12/6/17,3.449445431,0
12/7/17,3.405363062,0
12/8/17,3.372301284,0
12/9/17,3.350260099,0
12/10/17,3.317198322,0
12/11/17,3.251074768,0
12/12/17,3.251074768,0
12/13/17,3.251074768,0
12/14/17,3.26209536,0
12/15/17,3.26209536,0
12/16/17,3.251074768,0.04
12/17/17,3.206992398,0
12/18/17,3.206992398,0.22
12/19/17,3.240054175,0
12/20/17,3.295157137,5.64
12/21/17,3.26209536,0.13
12/22/17,3.21801299,1.47
12/23/17,3.21801299,0.36
12/24/17,3.21801299,0.67
12/25/17,3.21801299,3.45
12/26/17,3.206992398,0
12/27/17,3.173930621,0.01
12/28/17,3.162910028,0.01
12/29/17,3.284136545,0.62
12/30/17,3.284136545,4.65
12/31/17,3.251074768,0
1/1/18,3.284136545,0
1/2/18,3.295157137,0
1/3/18,3.328218915,0.44
1/4/18,3.295157137,0
1/5/18,3.273115952,1.37
1/6/18,3.284136545,0.42
1/7/18,3.229033583,0
1/8/18,3.229033583,0
1/9/18,3.26209536,2.91
1/10/18,3.21801299,0.06
1/11/18,3.328218915,0.04
1/12/18,3.383321877,10.9
1/13/18,3.317198322,0.89
1/14/18,3.394342469,0
1/15/18,3.460466024,0
1/16/18,3.438424839,3
1/17/18,3.383321877,0.95
1/18/18,3.482507209,4.59
1/19/18,3.460466024,0.23
1/20/18,3.438424839,0.17
1/21/18,3.438424839,0.01
1/22/18,3.427404246,2.61
1/23/18,3.427404246,0
1/24/18,3.471486616,5.26
1/25/18,3.449445431,5.3
1/26/18,3.471486616,5.37
1/27/18,3.581692541,2.24
1/28/18,3.592713133,5.42
1/29/18,3.548630763,0
1/30/18,3.592713133,0.12
1/31/18,3.559651356,0.01
2/1/18,3.559651356,0
2/2/18,3.559651356,0.04
2/3/18,3.548630763,0.02
2/4/18,3.570671948,0
2/5/18,3.592713133,0
2/6/18,3.62577491,0
2/7/18,3.603733725,0
2/8/18,3.581692541,0
2/9/18,3.537610171,0
2/10/18,3.482507209,0
2/11/18,3.460466024,0
2/12/18,3.416383654,0.01
2/13/18,3.372301284,0
2/14/18,3.328218915,0
2/15/18,3.317198322,0.08
2/16/18,3.295157137,0
2/17/18,3.328218915,0.32
2/18/18,3.372301284,5.18
2/19/18,3.328218915,6.31
2/20/18,3.30617773,0
2/21/18,3.284136545,4.18
2/22/18,3.26209536,0.36
2/23/18,3.21801299,0.84
2/24/18,3.273115952,5.94
2/25/18,3.295157137,6.72
2/26/18,3.328218915,12.51
2/27/18,3.240054175,0
2/28/18,3.240054175,0.6
3/1/18,3.273115952,4.23
3/2/18,3.26209536,2.18
3/3/18,3.21801299,0.11
3/4/18,3.206992398,1.37
3/5/18,3.184951213,0
3/6/18,3.151889436,0
3/7/18,3.162910028,0
3/8/18,3.21801299,2.06
3/9/18,3.317198322,0.21
3/10/18,3.273115952,0.01
3/11/18,3.26209536,0
3/12/18,3.26209536,0
3/13/18,3.26209536,0
3/14/18,3.26209536,7
3/15/18,3.26209536,0.01
3/16/18,3.30617773,1.72
3/17/18,3.317198322,4.85
3/18/18,3.273115952,0.11
3/19/18,3.26209536,0
3/20/18,3.251074768,1.23
3/21/18,3.26209536,0.53
3/22/18,3.26209536,1.74
3/23/18,3.284136545,0.04
3/24/18,3.317198322,12.37
3/25/18,3.284136545,0.05
3/26/18,3.26209536,0
3/27/18,3.240054175,1.92
3/28/18,3.240054175,1.83
3/29/18,3.206992398,0
3/30/18,3.21801299,0
3/31/18,3.21801299,0
4/1/18,3.26209536,0
4/2/18,3.30617773,0.19
4/3/18,3.317198322,0.41
4/4/18,3.317198322,1.29
4/5/18,3.328218915,1.14
4/6/18,3.361280692,1.09
4/7/18,3.427404246,3.85
4/8/18,3.581692541,5.09
4/9/18,3.603733725,0.18
4/10/18,3.71393965,2.21
4/11/18,3.802104389,0.1
4/12/18,3.901289721,0.78
4/13/18,3.934351498,1.04
4/14/18,3.824145574,3.62
4/15/18,3.846186759,0
4/16/18,3.857207351,2.34
4/17/18,3.813124982,1.91
4/18/18,3.791083797,0.03
4/19/18,3.735980835,4.56
4/20/18,3.658836688,0
4/21/18,3.62577491,0
4/22/18,3.592713133,0
4/23/18,3.581692541,0
4/24/18,3.559651356,0
4/25/18,3.548630763,0
4/26/18,3.537610171,0
4/27/18,3.570671948,0
4/28/18,3.570671948,0.09
4/29/18,3.592713133,0.99
4/30/18,3.592713133,0.04
5/1/18,3.592713133,0
5/2/18,3.581692541,0
5/3/18,3.548630763,0
5/4/18,3.515568986,0
5/5/18,3.460466024,0
5/6/18,3.460466024,0
5/7/18,3.449445431,2.22
5/8/18,3.460466024,0
5/9/18,3.482507209,1.4
5/10/18,3.438424839,0.01
5/11/18,3.471486616,0.12
5/12/18,3.471486616,0
5/13/18,3.449445431,0
5/14/18,3.427404246,0
5/15/18,3.405363062,0
5/16/18,3.383321877,3.28
5/17/18,3.350260099,1.43
5/18/18,3.295157137,0
5/19/18,3.284136545,0.64
5/20/18,3.295157137,0
5/21/18,3.273115952,0
5/22/18,3.284136545,0
5/23/18,3.284136545,0
5/24/18,3.339239507,4.35
5/25/18,3.339239507,1.24
5/26/18,3.30617773,7.44
5/27/18,3.26209536,0
5/28/18,3.26209536,0
5/29/18,3.229033583,0
5/30/18,3.206992398,0
5/31/18,3.195971805,0
6/1/18,3.151889436,0
6/2/18,3.151889436,0
6/3/18,3.162910028,0
6/4/18,3.151889436,0
6/5/18,3.151889436,0
6/6/18,3.151889436,0
6/7/18,3.129848251,0
6/8/18,3.118827658,0
6/9/18,3.107807066,0.78
6/10/18,3.140868843,1.01
6/11/18,3.140868843,5.66
6/12/18,3.118827658,1.65
6/13/18,3.107807066,1.12
6/14/18,3.096786474,0
6/15/18,3.096786474,0
6/16/18,3.096786474,0
6/17/18,3.096786474,0.07
6/18/18,3.096786474,3.43
6/19/18,3.085765881,0
6/20/18,3.096786474,0
6/21/18,3.096786474,13.94
6/22/18,3.085765881,0
6/23/18,3.041683511,0
6/24/18,3.052704104,0
6/25/18,3.052704104,0
6/26/18,3.052704104,0
6/27/18,3.063724696,0
6/28/18,3.052704104,0.6
6/29/18,3.052704104,0
6/30/18,3.041683511,0
7/1/18,3.041683511,0
7/2/18,3.030662919,0
7/3/18,3.030662919,0
7/4/18,3.041683511,0
7/5/18,3.030662919,0
7/6/18,3.019642326,0
7/7/18,3.019642326,0
7/8/18,3.030662919,0
7/9/18,3.019642326,0
7/10/18,3.041683511,0
7/11/18,3.041683511,0
7/12/18,3.052704104,0
7/13/18,3.052704104,0
7/14/18,3.041683511,0
7/15/18,3.052704104,0
7/16/18,3.019642326,0
7/17/18,2.953518772,0
7/18/18,2.953518772,0
7/19/18,2.942498179,0
7/20/18,2.920456995,0
7/21/18,2.953518772,0
7/22/18,2.942498179,0
7/23/18,2.942498179,0
7/24/18,2.931477587,0
7/25/18,2.942498179,0
7/26/18,2.942498179,0
7/27/18,2.931477587,0
7/28/18,2.920456995,0
7/29/18,2.89841581,0
7/30/18,2.920456995,0
7/31/18,2.920456995,0
8/1/18,2.89841581,0
8/2/18,2.909436402,0
8/3/18,2.89841581,0
8/4/18,2.920456995,0
8/5/18,2.931477587,0
8/6/18,2.942498179,0
8/7/18,2.942498179,0
8/8/18,2.942498179,0
8/9/18,2.931477587,0
8/10/18,2.931477587,0
8/11/18,2.909436402,0
8/12/18,2.909436402,0
8/13/18,2.931477587,0
8/14/18,2.942498179,0
8/15/18,2.942498179,0
8/16/18,2.942498179,0
8/17/18,2.942498179,0.49
8/18/18,2.931477587,0
8/19/18,2.931477587,0
8/20/18,2.920456995,0
8/21/18,2.909436402,0
8/22/18,2.909436402,0
8/23/18,2.920456995,0
8/24/18,2.931477587,0
8/25/18,2.931477587,0
8/26/18,2.942498179,0
8/27/18,2.942498179,0
8/28/18,2.942498179,0.08
8/29/18,2.942498179,0
8/30/18,2.942498179,0
8/31/18,2.931477587,0
9/1/18,2.920456995,0
9/2/18,2.89841581,0
9/3/18,2.89841581,0
9/4/18,2.89841581,0
9/5/18,2.887395217,0
9/6/18,2.89841581,0
9/7/18,2.89841581,0
9/8/18,2.887395217,0
9/9/18,2.887395217,0
9/10/18,2.887395217,0
9/11/18,2.887395217,0
9/12/18,2.887395217,0.03
9/13/18,2.887395217,0.01
9/14/18,2.887395217,0
9/15/18,2.887395217,0
9/16/18,2.887395217,0
9/17/18,2.887395217,0.26
9/18/18,2.887395217,0
9/19/18,2.887395217,0
9/20/18,2.887395217,0
9/21/18,2.887395217,0
9/22/18,2.887395217,0
9/23/18,2.89841581,0.01
9/24/18,2.887395217,0
9/25/18,2.887395217,0
9/26/18,2.887395217,0
9/27/18,2.887395217,0
9/28/18,2.887395217,0
9/29/18,2.887395217,0
9/30/18,2.887395217,0.05
10/1/18,2.887395217,0
10/2/18,2.887395217,0
10/3/18,2.887395217,0
10/4/18,2.887395217,0
10/5/18,2.887395217,0
10/6/18,2.909436402,3.58
10/7/18,2.909436402,0.27
10/8/18,2.887395217,0.01
10/9/18,2.887395217,0.08
10/10/18,2.887395217,0.55
10/11/18,2.887395217,0
10/12/18,2.887395217,0
10/13/18,2.876374625,0
10/14/18,2.876374625,0
10/15/18,2.887395217,0
10/16/18,2.887395217,0
10/17/18,2.887395217,0
10/18/18,2.887395217,0
10/19/18,2.876374625,0
10/20/18,2.876374625,0
10/21/18,2.887395217,0
10/22/18,2.887395217,0
10/23/18,2.887395217,0
10/24/18,2.85433344,0
10/25/18,2.85433344,0
10/26/18,2.865354032,0.02
10/27/18,2.887395217,0.34
10/28/18,2.931477587,3.26
10/29/18,2.942498179,4.82
10/30/18,2.909436402,0.74
10/31/18,2.920456995,2.08
11/1/18,2.942498179,0.16
11/2/18,2.931477587,0.02
11/3/18,2.89841581,0.13
11/4/18,2.920456995,0.02
11/5/18,2.89841581,0.06
11/6/18,2.909436402,0.11
11/7/18,2.887395217,0
11/8/18,2.887395217,0
11/9/18,2.887395217,0
11/10/18,2.887395217,0
11/11/18,2.887395217,0
11/12/18,2.887395217,0
11/13/18,2.887395217,0
11/14/18,2.887395217,0
11/15/18,2.887395217,0
11/16/18,2.887395217,0
11/17/18,2.887395217,0.03
11/18/18,2.876374625,0
11/19/18,2.887395217,0
11/20/18,2.887395217,0
11/21/18,2.887395217,0
11/22/18,2.909436402,1.74
11/23/18,2.986580549,4.7
11/24/18,2.964539364,7.84
11/25/18,2.931477587,0
11/26/18,2.89841581,0.66
11/27/18,3.019642326,2.39
11/28/18,3.096786474,20.4
11/29/18,3.008621734,0.09
11/30/18,2.986580549,4.27
12/1/18,2.942498179,0.65
12/2/18,2.920456995,0.13
12/3/18,2.887395217,0
12/4/18,2.876374625,0
12/5/18,2.843312848,0
12/6/18,2.832292255,0
12/7/18,2.832292255,0
12/8/18,2.832292255,2.55
12/9/18,2.832292255,0
12/10/18,2.832292255,1.39
12/11/18,2.876374625,0.02
12/12/18,2.986580549,14.62
12/13/18,2.931477587,1.77
12/14/18,2.909436402,0
12/15/18,2.909436402,0.4
12/16/18,2.89841581,2.19
12/17/18,2.887395217,2.34
12/18/18,3.284136545,7.79
12/19/18,3.394342469,33.57
12/20/18,3.041683511,1.31
12/21/18,2.931477587,1.35
12/22/18,2.843312848,0
12/23/18,2.920456995,5.05
12/24/18,3.019642326,2.07
12/25/18,2.964539364,9.86
12/26/18,2.920456995,0
12/27/18,2.843312848,0.73
12/28/18,2.832292255,0.67
12/29/18,2.843312848,3.07
12/30/18,2.89841581,2.95
12/31/18,2.821271663,0.67
1/1/19,2.799230478,0
1/2/19,2.81025107,0
1/3/19,2.843312848,1.27
1/4/19,2.821271663,0
1/5/19,2.81025107,0
1/6/19,2.85433344,0.63
1/7/19,2.843312848,3.18
1/8/19,2.832292255,2.15
1/9/19,2.832292255,2.95
1/10/19,2.843312848,0.21
1/11/19,2.843312848,0.08
1/12/19,2.821271663,0
1/13/19,2.799230478,0
1/14/19,2.799230478,0
1/15/19,2.788209885,0
1/16/19,2.799230478,0.05
1/17/19,2.821271663,6.44
1/18/19,2.843312848,0.32
1/19/19,3.019642326,32
1/20/19,3.008621734,12.83
1/21/19,2.942498179,4.08
1/22/19,2.909436402,0
1/23/19,2.997601142,0.6
1/24/19,2.931477587,0.03
1/25/19,2.920456995,0
1/26/19,2.964539364,0
1/27/19,2.964539364,0
1/28/19,2.964539364,0
1/29/19,2.964539364,0
1/30/19,3.085765881,0
1/31/19,3.008621734,0
2/1/19,2.986580549,0
2/2/19,3.052704104,0.17
2/3/19,2.975559957,0.97
2/4/19,2.942498179,0.09
2/5/19,2.942498179,1.69
2/6/19,2.909436402,0.01
2/7/19,2.876374625,0
2/8/19,2.887395217,0
2/9/19,2.89841581,3.52
2/10/19,2.887395217,4.56
2/11/19,2.920456995,4.44
2/12/19,2.920456995,4.63
2/13/19,2.89841581,3.32
2/14/19,2.909436402,3.61
2/15/19,2.887395217,8.49
2/16/19,2.85433344,0.07
2/17/19,2.832292255,0.14
2/18/19,2.81025107,0
2/19/19,2.788209885,0
2/20/19,2.799230478,5.14
2/21/19,2.799230478,1.16
2/22/19,2.755148108,0
2/23/19,2.777189293,2.31
2/24/19,2.876374625,11.5
2/25/19,2.920456995,34.99
2/26/19,3.184951213,16.56
2/27/19,3.085765881,9
2/28/19,3.074745289,5.21
3/1/19,3.074745289,0
3/2/19,3.030662919,0
3/3/19,3.008621734,0
3/4/19,2.986580549,0.42
3/5/19,2.997601142,0
3/6/19,3.008621734,4.18
3/7/19,3.008621734,2.05
3/8/19,3.008621734,0
3/9/19,3.008621734,0.37
3/10/19,2.964539364,0.01
3/11/19,2.964539364,0
3/12/19,2.986580549,2.76
3/13/19,2.986580549,0.02
3/14/19,2.964539364,0
3/15/19,2.964539364,0
3/16/19,2.964539364,0
3/17/19,2.964539364,0
3/18/19,2.964539364,0
3/19/19,2.964539364,0
3/20/19,2.975559957,0
3/21/19,2.986580549,0.82
3/22/19,2.997601142,0.98
3/23/19,3.008621734,0.07
3/24/19,3.008621734,0
3/25/19,3.019642326,0
3/26/19,3.030662919,0.62
3/27/19,3.063724696,0.57
3/28/19,3.085765881,5.91
3/29/19,3.085765881,3.36
3/30/19,3.085765881,2.34
3/31/19,3.074745289,0
4/1/19,3.096786474,0
4/2/19,3.195971805,7.09
4/3/19,3.184951213,3.95
4/4/19,3.21801299,0.13
4/5/19,3.317198322,1.15
4/6/19,3.427404246,0.72
4/7/19,4.165783939,15.52
4/8/19,4.815998893,49.09
4/9/19,6.006222876,7.3
4/10/19,7.020117379,0.31
4/11/19,7.141343896,0.38
4/12/19,6.502149535,0.31
4/13/19,5.907037544,0.02
4/14/19,5.543357994,0.43
4/15/19,5.245801998,0
4/16/19,5.047431334,3.52
4/17/19,4.838040078,0
4/18/19,4.705792969,0
4/19/19,4.639669414,0
4/20/19,4.661710599,2.44
4/21/19,4.650690006,1.71
4/22/19,4.683751784,0
4/23/19,4.694772376,0.51
4/24/19,4.694772376,0
4/25/19,4.738854746,0
4/26/19,4.749875338,0
4/27/19,4.672731191,0
4/28/19,4.573545859,0
4/29/19,4.463339935,0
4/30/19,4.309051641,0
5/1/19,4.132722162,0
5/2/19,3.890269129,0
5/3/19,3.802104389,0
5/4/19,3.747001427,0
5/5/19,3.71393965,0
5/6/19,3.658836688,0
5/7/19,3.680877872,0
5/8/19,3.66985728,0
5/9/19,3.691898465,0
5/10/19,3.680877872,0
5/11/19,3.658836688,0
5/12/19,3.62577491,0
5/13/19,3.559651356,0
5/14/19,3.526589578,0
5/15/19,3.515568986,0.01
5/16/19,3.504548394,2.61
5/17/19,3.460466024,3.66
5/18/19,3.427404246,0.02
5/19/19,3.416383654,1.19
5/20/19,3.394342469,9.01
5/21/19,3.372301284,2.66
5/22/19,3.361280692,2.15
5/23/19,3.339239507,5.77
5/24/19,3.273115952,0
5/25/19,3.273115952,0.01
5/26/19,3.295157137,10.44
5/27/19,3.284136545,5.72
5/28/19,3.273115952,6.61
5/29/19,3.229033583,1.67
5/30/19,3.206992398,0.44
5/31/19,3.184951213,0.62
6/1/19,3.173930621,0
6/2/19,3.151889436,0
6/3/19,3.129848251,0
6/4/19,3.107807066,0
6/5/19,3.074745289,0
6/6/19,3.063724696,0
6/7/19,3.063724696,0.06
6/8/19,3.052704104,0.26
6/9/19,3.030662919,0
6/10/19,2.997601142,0
6/11/19,2.997601142,0
6/12/19,2.997601142,0
6/13/19,2.986580549,0
6/14/19,2.975559957,0
6/15/19,2.964539364,0
6/16/19,2.942498179,0
6/17/19,2.931477587,0
6/18/19,2.931477587,0
6/19/19,2.909436402,0
6/20/19,2.89841581,0
6/21/19,2.89841581,0
6/22/19,2.887395217,0
6/23/19,2.887395217,0
6/24/19,2.887395217,0
6/25/19,2.887395217,0
6/26/19,2.887395217,0.07
6/27/19,2.909436402,1.67
6/28/19,2.909436402,0.28
6/29/19,2.887395217,0
6/30/19,2.887395217,3.89
7/1/19,2.887395217,1.08
7/2/19,2.887395217,1.15
7/3/19,2.887395217,0
7/4/19,2.876374625,0
7/5/19,2.865354032,0
7/6/19,2.865354032,0
7/7/19,2.843312848,0
7/8/19,2.85433344,0
7/9/19,2.85433344,0
7/10/19,2.865354032,0
7/11/19,2.85433344,0
7/12/19,2.85433344,0
7/13/19,2.843312848,0
7/14/19,2.843312848,0
7/15/19,2.832292255,0
7/16/19,2.832292255,0
7/17/19,2.821271663,0
7/18/19,2.81025107,0
7/19/19,2.799230478,0
7/20/19,2.799230478,0
7/21/19,2.799230478,0
7/22/19,2.799230478,0
7/23/19,2.799230478,0
7/24/19,2.777189293,0
7/25/19,2.777189293,0
7/26/19,2.777189293,0
7/27/19,2.788209885,0
7/28/19,2.788209885,0
7/29/19,2.788209885,0
7/30/19,2.755148108,0
7/31/19,2.755148108,0
8/1/19,2.744127516,0
8/2/19,2.744127516,0
8/3/19,2.744127516,0
8/4/19,2.755148108,0
8/5/19,2.755148108,1.46
8/6/19,2.766168701,0
8/7/19,2.766168701,0
8/8/19,2.777189293,0
8/9/19,2.766168701,0
8/10/19,2.777189293,1.16
8/11/19,2.766168701,1.32
8/12/19,2.755148108,0
8/13/19,2.755148108,0
8/14/19,2.755148108,0
8/15/19,2.766168701,0
8/16/19,2.755148108,0
8/17/19,2.733106923,0
8/18/19,2.733106923,0
8/19/19,2.733106923,0
8/20/19,2.733106923,0
8/21/19,2.777189293,0
8/22/19,2.777189293,8.29
8/23/19,2.766168701,0.03
8/24/19,2.777189293,0
8/25/19,2.755148108,0
8/26/19,2.744127516,0
8/27/19,2.755148108,0
8/28/19,2.766168701,0
8/29/19,2.766168701,0.43
8/30/19,2.788209885,4.41
8/31/19,2.766168701,0
9/1/19,2.766168701,0
9/2/19,2.766168701,0
9/3/19,2.777189293,0
9/4/19,2.755148108,0
9/5/19,2.766168701,0
9/6/19,2.777189293,7.34
9/7/19,2.788209885,1.71
9/8/19,2.777189293,0.12
9/9/19,2.843312848,7.17
9/10/19,2.832292255,4.28
9/11/19,2.799230478,3.33
9/12/19,2.788209885,0
9/13/19,2.766168701,0
9/14/19,2.766168701,0
9/15/19,2.766168701,0
9/16/19,2.766168701,5.81
9/17/19,2.788209885,0.15
9/18/19,2.81025107,11.21
9/19/19,2.788209885,4.5
9/20/19,2.766168701,0.12
9/21/19,2.733106923,0.01
9/22/19,2.744127516,0
9/23/19,2.744127516,3.47
9/24/19,2.733106923,0
9/25/19,2.722086331,0
9/26/19,2.733106923,0
9/27/19,2.733106923,0.02
9/28/19,2.744127516,1.13
9/29/19,2.766168701,3.43
9/30/19,2.755148108,5.12
10/1/19,2.766168701,1.33
10/2/19,2.766168701,0
10/3/19,2.766168701,1.68
10/4/19,2.744127516,0.04
10/5/19,2.733106923,0.07
10/6/19,2.733106923,0
10/7/19,2.744127516,0
10/8/19,2.788209885,0
10/9/19,2.744127516,0.2
10/10/19,2.733106923,0
10/11/19,2.777189293,0
10/12/19,2.887395217,0
10/13/19,2.89841581,1.1
10/14/19,2.920456995,0
10/15/19,2.887395217,0
10/16/19,2.876374625,0
10/17/19,2.876374625,2.05
10/18/19,2.876374625,0.71
10/19/19,2.986580549,1.76
10/20/19,2.986580549,12.53
10/21/19,2.909436402,2.54
10/22/19,2.821271663,1.59
10/23/19,2.777189293,0.01
10/24/19,2.777189293,0
10/25/19,2.788209885,0
10/26/19,2.777189293,0
10/27/19,2.777189293,0
10/28/19,2.799230478,0
10/29/19,2.766168701,0
10/30/19,2.744127516,0
10/31/19,2.744127516,0
11/1/19,2.711065738,0
11/2/19,2.722086331,0
11/3/19,2.722086331,0
11/4/19,2.722086331,0
11/5/19,2.733106923,0
11/6/19,2.744127516,0
11/7/19,2.733106923,0
11/8/19,2.755148108,0
11/9/19,2.755148108,0
11/10/19,2.744127516,0
11/11/19,2.733106923,0
11/12/19,2.733106923,0
11/13/19,2.733106923,0
11/14/19,2.744127516,0
11/15/19,2.744127516,0
11/16/19,2.744127516,0.02
11/17/19,2.733106923,0
11/18/19,2.744127516,0
11/19/19,2.777189293,0.01
11/20/19,2.744127516,0.09
11/21/19,2.722086331,0
11/22/19,2.722086331,0
11/23/19,2.722086331,0
11/24/19,2.722086331,0
11/25/19,2.722086331,0
11/26/19,2.755148108,0.03
11/27/19,2.832292255,12.09
11/28/19,2.821271663,12.28
11/29/19,2.81025107,0
11/30/19,2.777189293,0
12/1/19,2.81025107,6.12
12/2/19,2.788209885,2.22
12/3/19,2.766168701,0
12/4/19,2.766168701,0
12/5/19,2.733106923,0
12/6/19,2.733106923,0
12/7/19,2.766168701,4.79
12/8/19,2.766168701,0.25
12/9/19,2.722086331,0
12/10/19,2.722086331,0
12/11/19,2.733106923,0.25
12/12/19,2.876374625,6.48
12/13/19,2.887395217,25.07
12/14/19,2.821271663,4.02
12/15/19,2.766168701,0
12/16/19,2.722086331,0
12/17/19,2.722086331,0
12/18/19,2.722086331,0.05
12/19/19,2.777189293,3.04
12/20/19,2.843312848,6.58
12/21/19,2.777189293,0.01
12/22/19,2.766168701,0.07
12/23/19,2.744127516,0.01
12/24/19,2.722086331,0
12/25/19,2.722086331,0
12/26/19,2.711065738,0
12/27/19,2.711065738,0
12/28/19,2.678003961,0
12/29/19,2.678003961,0
12/30/19,2.678003961,0
12/31/19,2.711065738,0
1/1/20,2.843312848,14.65